Custid,Pre_Month,N_Products,N_Service
1,2,15,24
2,1,22,29
3,1,17,21
4,2,18,22
5,1,31,35
6,2,28,31
7,2,12,26
8,2,21,24
9,2,30,32
10,1,32,23
11,2,33,35
12,1,29,36
13,1,9,21
14,1,26,27
15,2,10,20
16,2,24,30
17,1,20,29
18,2,10,17
19,1,27,27
20,2,32,15
21,1,11,32
22,1,16,14
23,1,30,30
24,1,25,29
25,2,31,33
26,2,32,33
27,2,23,9
28,2,8,14
29,2,20,28
30,2,30,35
31,2,29,20
32,1,31,26
33,1,30,29
34,2,25,31
35,1,24,35
36,1,26,29
37,2,23,31
38,1,20,35
39,1,32,28
40,1,9,30
41,1,25,33
42,1,16,32
43,2,26,12
44,2,13,30
45,2,32,36
46,1,32,35
47,1,19,21
48,2,28,34
49,2,32,34
50,2,15,33
51,2,31,25
52,2,32,24
53,2,16,17
54,2,29,17
55,2,29,33
56,2,31,33
57,1,24,35
58,1,17,23
59,2,15,29
60,2,23,16
61,1,23,25
62,1,20,34
63,1,29,35
64,2,29,27
65,2,28,29
66,1,21,29
67,1,31,32
68,1,13,27
69,1,24,32
70,1,32,34
71,2,30,27
72,2,28,26
73,2,7,15
74,1,32,31
75,1,20,26
76,2,20,10
77,1,31,34
78,1,31,26
79,1,19,33
80,1,17,26
81,2,28,33
82,2,21,23
83,2,26,33
84,1,29,19
85,2,28,33
86,2,23,20
87,2,28,31
88,1,27,18
89,2,20,23
90,2,33,34
91,1,30,25
92,1,31,30
93,2,28,30
94,2,32,30
95,1,31,35
96,2,15,30
97,1,19,35
98,1,19,28
99,2,29,26
100,2,29,30
101,1,11,27
102,1,26,26
103,1,24,28
104,2,12,24
105,2,10,19
106,2,25,19
107,1,23,17
108,2,29,29
109,1,21,22
110,2,24,22
111,2,30,31
112,2,26,35
113,1,33,34
114,2,20,25
115,1,17,11
116,2,29,29
117,2,23,27
118,2,17,19
119,1,32,31
120,2,32,35
121,2,20,17
122,1,30,36
123,2,26,32
124,1,31,31
125,2,28,26
126,2,26,24
127,1,25,34
128,2,24,33
129,1,28,34
130,2,13,34
131,1,32,29
132,2,27,25
133,2,15,17
134,1,15,15
135,2,26,33
136,2,27,29
137,2,32,35
138,2,20,34
139,2,24,25
140,1,29,32
141,1,33,33
142,2,24,30
143,2,17,14
144,2,21,27
145,1,16,18
146,2,27,33
147,1,31,33
148,2,30,27
149,2,21,35
150,2,25,31
151,2,18,21
152,2,19,12
153,2,28,25
154,1,24,30
155,1,30,31
156,1,19,32
157,2,20,25
158,1,24,33
159,2,24,31
160,2,24,31
161,1,29,35
162,2,27,27
163,1,31,35
164,2,24,30
165,2,32,28
166,2,20,24
167,1,28,34
168,2,29,27
169,2,19,33
170,2,17,26
171,1,26,27
172,1,28,26
173,2,32,36
174,1,19,28
175,1,26,21
176,2,26,35
177,1,31,34
178,2,26,33
179,1,19,31
180,1,31,22
181,1,20,25
182,1,24,16
183,2,16,15
184,1,22,29
185,2,32,28
186,1,20,26
187,2,18,15
188,1,21,28
189,2,32,31
190,2,14,34
191,1,29,32
192,1,32,28
193,2,23,36
194,1,31,30
195,2,19,34
196,2,29,36
197,2,32,35
198,2,24,25
199,1,24,9
200,1,27,29
201,2,29,28
202,1,24,26
203,1,29,13
204,2,32,19
205,1,25,34
206,1,15,24
207,2,26,29
208,2,26,30
209,2,19,25
210,2,26,36
211,1,17,29
212,1,28,32
213,1,32,25
214,2,27,32
215,1,16,32
216,1,20,27
217,2,18,11
218,2,12,13
219,1,25,27
220,2,32,30
221,1,22,30
222,2,33,9
223,2,15,10
224,2,27,29
225,2,23,31
226,2,27,34
227,2,22,27
228,1,27,30
229,2,32,32
230,2,25,32
231,1,23,25
232,1,30,24
233,2,24,19
234,1,27,34
235,2,22,26
236,2,25,35
237,1,28,32
238,2,31,25
239,1,21,31
240,2,26,16
241,1,28,31
242,1,23,24
243,2,26,25
244,2,11,16
245,1,30,31
246,1,20,31
247,2,17,19
248,2,28,32
249,2,18,25
250,2,23,20
251,2,10,19
252,2,19,33
253,1,19,33
254,2,32,35
255,2,27,22
256,2,14,35
257,2,15,17
258,1,31,21
259,1,17,11
260,1,22,34
261,2,18,34
262,1,25,29
263,2,24,29
264,2,24,24
265,1,23,29
266,1,26,35
267,2,33,34
268,2,23,28
269,2,31,26
270,2,13,20
271,2,11,12
272,2,28,35
273,2,26,32
274,2,16,25
275,2,26,28
276,1,31,36
277,2,31,30
278,2,18,36
279,1,33,25
280,2,19,34
281,1,22,30
282,1,17,34
283,2,25,33
284,2,31,29
285,2,23,36
286,1,24,19
287,1,21,28
288,2,31,20
289,2,17,21
290,1,22,30
291,1,30,32
292,1,24,28
293,1,13,10
294,1,29,34
295,1,22,23
296,1,23,22
297,2,30,35
298,1,32,26
299,1,29,31
300,2,12,33
301,1,4,17
302,2,26,11
303,2,10,16
304,2,26,33
305,2,28,35
306,1,24,32
307,2,21,23
308,1,17,16
309,1,23,35
310,2,28,16
311,2,13,21
312,1,15,27
313,1,30,35
314,1,27,26
315,1,32,30
316,1,29,20
317,2,17,32
318,1,33,34
319,1,29,20
320,2,29,34
321,1,24,32
322,2,30,31
323,1,17,14
324,1,33,28
325,2,28,23
326,2,8,24
327,1,20,29
328,1,31,32
329,1,32,28
330,2,24,30
331,2,32,35
332,1,30,33
333,1,31,31
334,2,32,30
335,2,17,27
336,1,22,33
337,2,25,19
338,2,13,23
339,1,26,27
340,2,29,33
341,1,26,16
342,1,28,28
343,1,17,17
344,1,27,32
345,2,15,32
346,2,32,27
347,1,29,36
348,1,22,23
349,2,30,28
350,2,31,35
351,1,25,14
352,1,31,32
353,1,22,28
354,2,27,22
355,1,15,30
356,2,25,29
357,1,31,21
358,2,33,33
359,1,24,25
360,1,33,35
361,1,20,29
362,1,19,33
363,1,27,28
364,2,31,14
365,1,33,17
366,2,29,22
367,2,27,24
368,2,14,27
369,2,15,27
370,1,10,31
371,1,20,25
372,2,26,31
373,2,24,24
374,2,19,27
375,2,13,19
376,2,31,31
377,2,25,20
378,1,32,36
379,1,18,34
380,1,22,30
381,1,21,28
382,1,19,15
383,1,31,24
384,1,30,33
385,2,23,36
386,2,29,25
387,2,25,32
388,1,18,35
389,1,25,25
390,2,20,28
391,1,11,31
392,2,30,30
393,1,31,22
394,1,28,6
395,1,23,35
396,1,28,31
397,2,19,27
398,2,21,30
399,2,32,28
400,2,31,33
401,2,32,31
402,2,29,22
403,2,27,33
404,1,33,28
405,1,15,25
406,2,17,21
407,2,20,33
408,1,32,26
409,2,20,23
410,2,22,32
411,1,11,9
412,2,11,11
413,2,19,19
414,2,33,29
415,2,31,28
416,2,25,31
417,1,32,35
418,1,29,33
419,1,21,31
420,2,14,28
421,1,32,20
422,2,17,25
423,1,30,28
424,2,25,28
425,1,32,31
426,2,25,35
427,2,33,34
428,1,17,29
429,2,30,34
430,1,11,34
431,1,21,30
432,2,21,31
433,1,24,31
434,1,32,28
435,2,24,20
436,1,32,34
437,1,32,30
438,2,14,21
439,1,24,34
440,2,17,23
441,2,10,34
442,2,23,24
443,1,10,34
444,1,30,32
445,1,14,22
446,1,21,15
447,1,28,26
448,2,26,24
449,1,29,23
450,1,31,33
451,2,7,20
452,1,27,27
453,2,21,18
454,1,33,28
455,2,31,22
456,1,33,25
457,2,24,20
458,1,28,32
459,2,32,9
460,1,22,34
461,2,24,35
462,2,33,34
463,2,24,34
464,2,24,35
465,2,33,13
466,1,29,35
467,1,17,9
468,2,27,34
469,2,27,26
470,2,30,35
471,2,25,30
472,1,33,32
473,2,20,33
474,1,32,36
475,2,20,36
476,1,20,19
477,1,30,34
478,2,27,30
479,1,5,15
480,1,12,19
481,1,24,15
482,2,30,32
483,2,28,32
484,2,27,33
485,1,28,19
486,1,29,26
487,1,31,27
488,2,23,23
489,1,33,19
490,2,17,5
491,1,20,23
492,2,20,23
493,2,32,33
494,2,20,21
495,1,29,34
496,2,28,27
497,2,20,26
498,2,21,31
499,2,33,33
500,2,26,36
501,1,33,34
502,2,30,24
503,1,27,12
504,2,29,17
505,1,32,32
506,1,30,31
507,1,14,10
508,2,24,33
509,2,32,31
510,2,13,25
511,1,29,34
512,2,19,29
513,1,26,27
514,2,26,27
515,1,18,35
516,1,22,35
517,1,10,27
518,1,32,16
519,1,25,13
520,2,23,36
521,2,26,30
522,1,28,30
523,1,28,29
524,1,16,13
525,2,30,30
526,2,26,24
527,2,22,27
528,1,29,25
529,2,2,22
530,2,28,33
531,2,27,25
532,1,31,33
533,1,30,22
534,2,23,28
535,1,31,19
536,2,17,36
537,1,23,28
538,1,27,31
539,1,14,12
540,2,29,35
541,2,17,27
542,2,23,34
543,2,20,26
544,1,29,33
545,1,19,17
546,1,22,11
547,1,24,28
548,2,22,18
549,1,28,25
550,1,21,25
551,2,32,31
552,2,33,34
553,1,21,32
554,2,16,13
555,1,11,15
556,1,24,35
557,2,25,35
558,2,19,18
559,1,30,34
560,2,17,17
561,2,23,32
562,2,23,23
563,1,10,24
564,1,22,27
565,2,26,33
566,1,19,25
567,2,20,17
568,2,23,9
569,2,28,31
570,1,14,2
571,1,33,36
572,2,32,36
573,2,10,34
574,1,29,30
575,2,24,35
576,2,32,35
577,2,25,35
578,2,10,32
579,2,30,34
580,1,26,19
581,2,31,27
582,2,25,31
583,2,24,34
584,2,16,21
585,2,32,35
586,2,24,33
587,1,25,32
588,2,15,36
589,1,23,27
590,2,30,30
591,1,22,34
592,1,32,36
593,2,25,26
594,2,25,34
595,1,31,36
596,1,22,19
597,2,32,34
598,2,28,35
599,2,30,25
600,2,29,32
601,2,28,18
602,1,9,24
603,2,22,31
604,2,23,22
605,1,30,31
606,1,5,27
607,2,31,33
608,2,29,22
609,1,26,33
610,2,25,32
611,2,28,22
612,1,24,12
613,2,30,21
614,2,15,36
615,1,22,21
616,1,12,20
617,1,32,33
618,2,27,29
619,1,29,33
620,2,25,18
621,1,31,34
622,1,31,17
623,1,3,21
624,1,14,29
625,2,26,32
626,2,17,27
627,1,21,23
628,2,30,22
629,1,31,30
630,1,26,29
631,2,25,24
632,2,14,8
633,1,2,26
634,1,31,35
635,1,20,27
636,1,9,20
637,1,33,28
638,2,25,24
639,2,27,35
640,2,25,18
641,1,32,20
642,2,17,4
643,2,26,30
644,1,27,30
645,2,4,11
646,2,32,35
647,1,21,30
648,2,27,29
649,1,21,19
650,1,28,28
651,2,26,29
652,2,28,27
653,1,20,26
654,2,30,36
655,1,21,34
656,2,18,30
657,2,21,27
658,1,17,25
659,2,28,31
660,1,21,26
661,1,31,32
662,2,32,23
663,2,26,27
664,2,21,23
665,1,17,34
666,1,8,25
667,1,11,21
668,1,32,24
669,2,25,21
670,1,23,32
671,2,30,32
672,2,33,29
673,2,26,35
674,2,33,30
675,2,28,31
676,2,3,28
677,1,24,34
678,1,26,27
679,1,24,28
680,1,15,32
681,1,26,33
682,2,29,35
683,2,32,18
684,1,31,35
685,1,14,26
686,1,25,30
687,2,32,31
688,2,23,35
689,1,20,24
690,1,28,34
691,1,33,31
692,2,1,28
693,2,33,10
694,1,33,33
695,2,26,35
696,2,26,20
697,2,27,31
698,2,17,33
699,1,13,13
700,2,21,22
701,2,15,23
702,2,22,29
703,2,17,21
704,1,17,21
705,2,30,35
706,1,27,30
707,1,12,27
708,2,20,24
709,2,29,32
710,2,32,23
711,1,33,35
712,1,28,36
713,2,9,22
714,2,26,26
715,2,11,20
716,2,24,30
717,1,19,29
718,1,9,17
719,1,26,27
720,1,32,15
721,2,11,33
722,1,16,14
723,2,30,29
724,1,25,30
725,1,32,34
726,2,33,33
727,1,24,9
728,2,7,14
729,2,20,27
730,1,31,34
731,2,29,20
732,1,32,25
733,1,30,28
734,1,25,31
735,1,24,35
736,2,27,29
737,1,23,31
738,1,20,34
739,2,31,27
740,1,10,31
741,1,25,33
742,1,16,32
743,2,26,13
744,2,13,31
745,2,33,36
746,1,32,35
747,1,20,21
748,2,28,34
749,1,33,34
750,2,14,34
751,1,31,25
752,1,32,23
753,1,16,17
754,1,29,18
755,1,29,33
756,1,31,32
757,2,23,35
758,2,17,23
759,1,15,29
760,2,22,16
761,1,23,26
762,1,19,35
763,1,29,36
764,1,28,26
765,1,28,29
766,2,22,30
767,2,31,32
768,2,14,28
769,2,25,33
770,1,31,33
771,1,30,27
772,1,28,26
773,2,7,14
774,1,31,31
775,1,19,26
776,1,19,11
777,1,31,35
778,1,32,26
779,2,19,34
780,2,18,25
781,2,28,33
782,1,21,23
783,2,26,32
784,2,28,20
785,2,29,32
786,1,23,20
787,1,27,31
788,2,27,18
789,1,20,23
790,1,33,34
791,2,29,25
792,1,32,30
793,1,27,31
794,1,33,29
795,1,30,35
796,1,16,30
797,1,20,36
798,2,18,27
799,2,29,26
800,1,28,29
801,2,10,27
802,2,26,27
803,1,25,29
804,2,12,25
805,2,11,18
806,1,25,18
807,1,24,17
808,2,29,29
809,1,21,22
810,1,23,23
811,2,30,31
812,2,26,35
813,1,32,33
814,1,21,25
815,2,16,10
816,1,29,29
817,1,24,26
818,1,18,20
819,1,32,32
820,1,31,35
821,2,21,16
822,1,30,35
823,2,26,33
824,2,30,31
825,2,27,26
826,2,26,25
827,2,25,34
828,1,24,32
829,2,28,35
830,1,14,34
831,1,31,29
832,2,28,25
833,2,15,16
834,1,15,16
835,1,25,33
836,1,26,28
837,2,32,35
838,2,19,34
839,2,24,25
840,2,29,32
841,1,33,33
842,2,24,30
843,2,17,14
844,1,22,28
845,1,17,18
846,2,27,32
847,2,32,32
848,2,30,28
849,1,21,34
850,1,24,31
851,2,18,22
852,1,19,12
853,1,28,26
854,1,25,29
855,2,30,30
856,2,20,33
857,1,20,24
858,1,24,33
859,1,24,32
860,1,23,31
861,1,29,35
862,1,27,27
863,2,30,35
864,1,24,30
865,1,32,27
866,2,19,24
867,2,28,33
868,1,29,27
869,1,18,33
870,1,17,27
871,2,26,26
872,1,29,25
873,2,32,36
874,1,18,28
875,2,26,21
876,2,26,35
877,1,32,34
878,2,25,33
879,1,20,31
880,2,31,21
881,1,21,26
882,1,24,17
883,1,17,14
884,1,22,29
885,2,32,29
886,2,19,26
887,2,18,14
888,1,21,27
889,2,32,31
890,2,14,33
891,1,28,33
892,2,32,28
893,2,23,36
894,2,32,29
895,2,20,34
896,2,29,36
897,2,31,35
898,2,23,26
899,1,24,9
900,1,26,29
901,1,29,28
902,1,25,26
903,1,30,12
904,1,32,19
905,1,26,35
906,1,16,24
907,2,26,30
908,2,27,30
909,2,18,24
910,2,26,36
911,1,17,29
912,1,27,33
913,2,31,25
914,1,28,33
915,1,17,32
916,2,20,28
917,2,19,10
918,2,12,14
919,1,26,27
920,1,33,30
921,1,22,29
922,1,32,8
923,2,16,10
924,2,27,29
925,1,23,31
926,1,27,34
927,2,23,27
928,2,27,30
929,2,32,33
930,2,26,32
931,2,24,25
932,2,29,25
933,2,24,19
934,2,27,34
935,2,21,26
936,2,25,36
937,1,28,32
938,1,30,24
939,2,21,31
940,2,27,17
941,1,28,31
942,1,22,25
943,2,26,25
944,1,12,16
945,1,30,31
946,2,20,31
947,2,18,19
948,1,28,33
949,1,17,24
950,1,22,20
951,1,10,18
952,2,19,32
953,2,19,33
954,1,32,35
955,2,27,22
956,2,13,35
957,1,15,17
958,2,30,21
959,1,17,11
960,2,23,34
961,1,17,35
962,1,24,30
963,1,25,29
964,2,23,25
965,2,24,29
966,2,26,36
967,1,32,34
968,2,23,28
969,2,30,27
970,2,14,19
971,2,11,12
972,2,29,35
973,1,26,31
974,2,17,26
975,2,27,29
976,2,31,35
977,1,31,29
978,2,19,36
979,2,33,25
980,2,20,35
981,1,22,29
982,2,17,34
983,2,25,33
984,2,31,29
985,1,23,35
986,2,24,20
987,1,22,28
988,2,30,20
989,2,17,20
990,2,22,30
991,1,30,32
992,1,24,28
993,1,13,10
994,1,29,34
995,1,23,23
996,1,22,22
997,2,30,34
998,2,32,25
999,2,28,31
1000,1,13,34
1001,2,3,17
1002,2,27,11
1003,2,11,17
1004,2,27,33
1005,2,28,34
1006,2,24,31
1007,2,22,24
1008,1,17,15
1009,1,22,34
1010,1,29,17
1011,1,13,20
1012,2,15,28
1013,1,30,35
1014,2,27,27
1015,1,32,30
1016,1,28,21
1017,2,16,31
1018,2,32,33
1019,2,29,21
1020,2,28,35
1021,1,24,32
1022,1,29,32
1023,2,17,13
1024,1,33,28
1025,2,27,24
1026,1,8,24
1027,2,20,30
1028,2,30,32
1029,1,32,27
1030,2,25,29
1031,2,32,35
1032,2,29,33
1033,1,31,32
1034,1,32,31
1035,1,17,27
1036,1,21,34
1037,2,25,19
1038,2,12,24
1039,1,27,27
1040,1,29,33
1041,1,27,16
1042,1,28,27
1043,2,18,16
1044,1,28,32
1045,1,14,32
1046,2,33,27
1047,1,30,35
1048,1,22,23
1049,1,30,28
1050,1,31,35
1051,2,24,14
1052,1,32,33
1053,2,23,27
1054,2,27,22
1055,1,14,30
1056,2,26,29
1057,1,31,20
1058,1,33,34
1059,1,24,26
1060,1,32,34
1061,2,20,28
1062,1,18,32
1063,2,27,28
1064,2,31,13
1065,1,33,18
1066,1,29,22
1067,2,28,23
1068,2,14,27
1069,1,15,27
1070,2,10,32
1071,2,19,25
1072,2,26,32
1073,2,24,25
1074,1,19,27
1075,2,12,19
1076,1,31,31
1077,1,26,20
1078,1,31,36
1079,2,18,33
1080,1,22,29
1081,1,21,28
1082,1,20,16
1083,1,30,23
1084,2,30,33
1085,2,24,36
1086,1,30,24
1087,2,26,32
1088,1,17,36
1089,1,26,26
1090,2,20,28
1091,1,11,31
1092,1,31,31
1093,2,30,21
1094,1,27,7
1095,2,24,35
1096,1,28,31
1097,1,18,28
1098,2,21,31
1099,2,32,29
1100,1,30,33
1101,2,32,32
1102,2,28,22
1103,2,27,33
1104,1,33,27
1105,1,14,26
1106,2,16,21
1107,1,20,34
1108,2,33,26
1109,1,19,24
1110,2,23,31
1111,1,11,10
1112,2,11,12
1113,1,19,18
1114,1,33,30
1115,1,31,28
1116,1,25,32
1117,1,32,35
1118,1,28,34
1119,1,21,31
1120,1,14,28
1121,1,31,21
1122,1,16,25
1123,1,30,28
1124,1,24,29
1125,2,33,31
1126,2,24,35
1127,2,33,34
1128,1,17,28
1129,2,31,35
1130,2,11,34
1131,1,20,30
1132,1,22,31
1133,1,24,31
1134,1,33,27
1135,1,23,20
1136,1,31,34
1137,1,32,31
1138,2,15,21
1139,2,25,34
1140,1,17,23
1141,2,10,35
1142,1,22,25
1143,1,9,34
1144,2,30,33
1145,1,14,22
1146,1,21,15
1147,2,27,27
1148,2,26,24
1149,1,30,23
1150,1,30,33
1151,1,7,20
1152,1,26,27
1153,2,22,18
1154,1,32,27
1155,2,31,21
1156,1,32,25
1157,2,24,20
1158,1,29,33
1159,2,31,10
1160,2,23,34
1161,2,25,36
1162,2,32,34
1163,2,23,33
1164,2,24,35
1165,1,32,13
1166,1,29,34
1167,2,17,10
1168,2,26,35
1169,1,27,26
1170,1,30,35
1171,2,25,31
1172,1,32,32
1173,1,21,33
1174,2,31,35
1175,1,20,36
1176,2,21,20
1177,2,29,34
1178,2,27,31
1179,1,5,14
1180,2,12,19
1181,1,23,15
1182,1,30,33
1183,2,28,33
1184,1,26,34
1185,1,28,18
1186,1,29,26
1187,1,30,28
1188,1,22,23
1189,1,33,20
1190,2,17,4
1191,2,19,22
1192,1,19,23
1193,1,33,33
1194,1,20,21
1195,2,30,33
1196,2,29,27
1197,2,21,26
1198,1,21,31
1199,2,33,34
1200,1,27,36
1201,1,32,35
1202,1,29,25
1203,2,26,12
1204,2,29,17
1205,1,32,33
1206,2,31,31
1207,2,14,11
1208,2,23,34
1209,2,32,32
1210,2,14,25
1211,2,29,35
1212,1,20,28
1213,2,26,27
1214,1,27,27
1215,1,19,34
1216,2,21,35
1217,1,10,26
1218,2,32,16
1219,2,26,14
1220,1,23,35
1221,1,26,31
1222,1,27,30
1223,2,29,29
1224,2,15,14
1225,2,30,31
1226,1,27,24
1227,2,23,26
1228,1,29,25
1229,2,1,21
1230,1,28,32
1231,1,27,26
1232,2,32,32
1233,1,31,22
1234,1,23,28
1235,2,31,20
1236,1,17,35
1237,2,23,28
1238,1,28,30
1239,2,15,13
1240,1,29,35
1241,1,17,27
1242,1,22,33
1243,1,20,27
1244,2,29,33
1245,1,20,17
1246,2,23,11
1247,1,24,28
1248,2,22,18
1249,1,29,24
1250,2,20,25
1251,1,32,31
1252,2,32,35
1253,2,21,32
1254,2,15,13
1255,1,11,14
1256,1,24,35
1257,2,25,35
1258,1,20,19
1259,2,31,33
1260,1,18,18
1261,2,22,31
1262,2,24,24
1263,1,10,24
1264,1,21,28
1265,1,25,34
1266,2,19,26
1267,1,20,17
1268,2,23,10
1269,2,27,32
1270,1,14,2
1271,2,33,35
1272,2,31,35
1273,1,10,34
1274,2,29,30
1275,2,23,36
1276,1,32,36
1277,1,25,36
1278,1,11,31
1279,1,30,34
1280,2,27,19
1281,2,30,26
1282,2,25,32
1283,1,24,34
1284,1,16,21
1285,2,33,34
1286,1,24,33
1287,1,25,31
1288,2,15,36
1289,2,24,28
1290,1,30,30
1291,2,23,34
1292,2,33,35
1293,2,25,26
1294,2,25,33
1295,2,31,35
1296,1,22,19
1297,2,32,34
1298,2,28,36
1299,2,31,25
1300,2,30,31
1301,1,28,18
1302,2,9,23
1303,2,22,30
1304,2,24,23
1305,2,29,30
1306,2,5,27
1307,2,32,32
1308,2,30,21
1309,2,26,34
1310,2,25,32
1311,1,29,22
1312,1,23,13
1313,2,30,21
1314,1,16,35
1315,2,22,21
1316,2,12,20
1317,2,32,33
1318,1,27,28
1319,2,29,32
1320,1,26,19
1321,1,32,35
1322,1,30,17
1323,1,2,21
1324,1,15,29
1325,2,26,31
1326,2,18,28
1327,2,21,23
1328,1,29,22
1329,2,31,30
1330,2,26,30
1331,2,26,24
1332,2,15,8
1333,2,1,27
1334,2,31,35
1335,2,21,28
1336,1,8,21
1337,2,32,29
1338,2,26,25
1339,1,27,34
1340,1,25,19
1341,2,32,19
1342,1,16,4
1343,2,26,31
1344,1,27,30
1345,1,4,11
1346,2,32,35
1347,1,21,29
1348,1,26,29
1349,2,21,18
1350,1,27,28
1351,2,27,29
1352,1,29,27
1353,2,20,26
1354,1,30,36
1355,1,22,34
1356,2,17,31
1357,1,21,26
1358,2,16,26
1359,2,28,32
1360,1,20,26
1361,2,30,32
1362,2,32,23
1363,1,27,27
1364,1,22,23
1365,2,17,34
1366,2,8,26
1367,1,11,21
1368,2,33,24
1369,1,26,21
1370,2,22,32
1371,2,29,32
1372,2,33,29
1373,2,26,34
1374,1,32,31
1375,1,28,31
1376,2,3,28
1377,2,24,35
1378,2,27,26
1379,2,23,27
1380,2,16,31
1381,2,25,33
1382,2,29,35
1383,1,32,18
1384,1,32,34
1385,2,15,25
1386,2,25,31
1387,1,31,31
1388,1,23,35
1389,1,21,23
1390,1,29,34
1391,1,32,30
1392,1,2,27
1393,1,32,9
1394,1,32,34
1395,1,26,34
1396,2,26,20
1397,1,27,32
1398,1,18,32
1399,1,14,13
1400,1,20,21
1401,2,16,24
1402,2,22,30
1403,1,18,22
1404,1,17,21
1405,2,31,35
1406,1,27,31
1407,1,12,26
1408,2,20,24
1409,1,30,32
1410,2,33,22
1411,1,32,34
1412,1,28,35
1413,1,9,21
1414,1,26,26
1415,1,10,21
1416,1,23,30
1417,1,19,30
1418,2,9,17
1419,1,26,26
1420,1,32,15
1421,2,11,32
1422,1,15,15
1423,1,30,29
1424,1,25,30
1425,1,32,33
1426,2,32,33
1427,1,23,9
1428,2,7,14
1429,1,21,28
1430,2,31,34
1431,1,30,20
1432,1,31,25
1433,1,31,29
1434,1,24,32
1435,1,24,34
1436,1,27,29
1437,1,23,31
1438,1,21,34
1439,2,31,27
1440,1,10,30
1441,1,25,34
1442,2,15,33
1443,1,25,12
1444,2,14,31
1445,2,32,35
1446,1,32,34
1447,1,19,21
1448,2,28,34
1449,1,33,33
1450,1,15,33
1451,1,30,24
1452,1,32,23
1453,2,17,18
1454,1,30,17
1455,2,30,33
1456,2,32,33
1457,2,24,34
1458,2,17,23
1459,1,14,30
1460,1,22,16
1461,1,24,25
1462,2,19,34
1463,2,29,35
1464,2,29,27
1465,2,28,29
1466,2,22,30
1467,2,31,33
1468,2,14,28
1469,2,24,33
1470,2,31,34
1471,2,29,27
1472,1,27,26
1473,2,6,15
1474,2,32,30
1475,1,20,25
1476,1,19,11
1477,1,30,35
1478,2,32,26
1479,1,18,33
1480,1,18,26
1481,1,28,33
1482,1,22,23
1483,1,26,32
1484,1,29,20
1485,1,29,32
1486,2,23,20
1487,1,28,32
1488,1,27,19
1489,2,21,24
1490,2,33,35
1491,2,29,26
1492,2,31,29
1493,2,28,31
1494,1,32,29
1495,1,30,36
1496,1,16,29
1497,2,20,36
1498,1,19,28
1499,2,28,27
1500,2,28,30
1501,2,10,27
1502,1,26,26
1503,2,25,29
1504,1,12,24
1505,2,11,19
1506,1,24,19
1507,1,23,18
1508,2,28,28
1509,2,20,22
1510,1,23,23
1511,1,30,31
1512,1,26,35
1513,1,32,33
1514,1,20,25
1515,1,16,10
1516,2,29,29
1517,1,24,27
1518,1,17,20
1519,1,33,32
1520,2,31,36
1521,2,21,16
1522,1,30,35
1523,1,26,33
1524,2,30,31
1525,1,28,27
1526,2,26,25
1527,2,25,33
1528,1,23,32
1529,1,27,35
1530,2,14,34
1531,2,31,28
1532,1,28,26
1533,2,14,16
1534,1,16,16
1535,2,25,34
1536,2,26,28
1537,2,31,36
1538,2,19,34
1539,1,25,26
1540,1,28,32
1541,2,32,33
1542,1,24,29
1543,1,16,14
1544,1,21,27
1545,1,16,19
1546,2,28,33
1547,2,31,32
1548,2,30,28
1549,1,22,34
1550,2,24,31
1551,1,18,22
1552,1,19,12
1553,1,29,26
1554,2,24,30
1555,1,29,30
1556,1,19,33
1557,1,20,24
1558,1,24,33
1559,1,24,31
1560,2,23,31
1561,1,28,35
1562,2,28,26
1563,1,30,34
1564,1,24,30
1565,2,31,28
1566,2,20,25
1567,2,29,34
1568,2,29,26
1569,1,18,33
1570,1,16,27
1571,1,25,27
1572,2,28,26
1573,2,31,35
1574,1,19,28
1575,1,26,21
1576,2,27,36
1577,1,32,34
1578,2,25,34
1579,2,19,31
1580,2,30,21
1581,1,20,25
1582,1,24,17
1583,2,17,14
1584,1,23,29
1585,2,32,29
1586,1,19,26
1587,2,18,15
1588,1,22,28
1589,2,32,32
1590,2,13,34
1591,2,28,32
1592,1,32,27
1593,2,22,35
1594,2,32,30
1595,1,20,33
1596,2,28,36
1597,2,31,35
1598,2,24,25
1599,1,24,8
1600,2,26,30
1601,2,30,28
1602,1,24,26
1603,1,29,12
1604,2,32,19
1605,1,25,35
1606,1,15,25
1607,2,25,30
1608,2,27,29
1609,1,18,24
1610,1,26,35
1611,1,16,29
1612,1,28,33
1613,2,31,25
1614,2,27,32
1615,1,16,33
1616,1,21,28
1617,1,19,10
1618,1,12,14
1619,1,25,28
1620,1,32,30
1621,2,22,30
1622,1,32,8
1623,1,15,10
1624,2,28,29
1625,1,23,30
1626,2,27,34
1627,1,22,28
1628,1,28,29
1629,1,33,32
1630,2,25,33
1631,2,24,26
1632,2,29,25
1633,2,24,19
1634,2,27,34
1635,1,21,27
1636,1,26,36
1637,1,28,32
1638,1,31,24
1639,1,22,31
1640,2,26,17
1641,1,29,31
1642,2,22,24
1643,2,25,26
1644,1,12,15
1645,1,30,31
1646,2,21,32
1647,2,17,20
1648,1,27,33
1649,1,18,25
1650,2,22,20
1651,1,10,19
1652,2,19,33
1653,1,20,33
1654,2,32,34
1655,2,28,23
1656,1,13,35
1657,1,15,17
1658,2,30,22
1659,2,16,11
1660,1,22,34
1661,2,17,34
1662,1,25,29
1663,2,25,28
1664,1,23,24
1665,1,23,29
1666,2,26,35
1667,1,33,34
1668,2,23,28
1669,1,31,27
1670,2,13,19
1671,2,11,13
1672,1,29,34
1673,2,27,31
1674,1,16,26
1675,1,27,29
1676,2,32,35
1677,2,30,29
1678,1,18,35
1679,2,33,25
1680,1,19,35
1681,1,22,30
1682,1,17,34
1683,1,25,33
1684,1,32,29
1685,1,23,35
1686,1,24,19
1687,2,22,29
1688,1,31,19
1689,2,16,21
1690,2,21,31
1691,1,30,32
1692,2,23,28
1693,1,13,11
1694,2,28,34
1695,1,23,24
1696,2,23,22
1697,1,30,34
1698,1,32,26
1699,2,29,30
1700,1,13,34
1701,2,4,18
1702,2,27,12
1703,2,10,17
1704,2,26,33
1705,1,28,35
1706,1,24,31
1707,2,21,24
1708,1,17,16
1709,2,23,35
1710,1,29,16
1711,1,14,21
1712,1,15,27
1713,2,30,36
1714,1,27,26
1715,2,31,29
1716,1,28,20
1717,1,16,31
1718,2,32,33
1719,2,28,21
1720,2,29,35
1721,1,25,32
1722,2,30,31
1723,1,17,13
1724,2,32,28
1725,1,27,23
1726,1,7,23
1727,1,21,29
1728,1,31,32
1729,2,32,28
1730,1,25,30
1731,1,32,35
1732,2,30,33
1733,1,31,32
1734,2,32,31
1735,1,16,26
1736,2,21,34
1737,2,25,19
1738,1,13,24
1739,1,26,28
1740,1,28,33
1741,2,26,16
1742,1,28,27
1743,2,18,17
1744,2,28,33
1745,2,14,31
1746,1,33,27
1747,2,30,36
1748,1,22,23
1749,2,30,28
1750,1,31,34
1751,1,25,14
1752,2,32,33
1753,2,22,28
1754,1,27,23
1755,2,15,29
1756,2,26,29
1757,2,30,21
1758,1,33,34
1759,2,23,26
1760,1,33,35
1761,2,19,28
1762,1,19,33
1763,1,27,28
1764,2,31,14
1765,2,33,17
1766,1,30,22
1767,1,27,23
1768,1,15,27
1769,1,15,26
1770,1,11,31
1771,2,19,25
1772,2,25,31
1773,1,24,25
1774,2,19,27
1775,1,13,18
1776,2,32,31
1777,2,26,21
1778,1,31,36
1779,2,17,34
1780,2,23,29
1781,1,21,28
1782,2,19,15
1783,1,30,24
1784,1,30,33
1785,1,24,35
1786,2,30,24
1787,1,25,33
1788,1,17,36
1789,2,25,25
1790,1,19,28
1791,2,11,32
1792,2,31,30
1793,1,30,22
1794,1,27,6
1795,2,23,34
1796,2,28,30
1797,1,19,28
1798,1,21,31
1799,2,32,28
1800,1,31,33
1801,1,33,31
1802,1,28,22
1803,2,28,33
1804,2,33,27
1805,1,15,25
1806,2,17,22
1807,2,20,33
1808,2,33,27
1809,1,19,24
1810,2,23,31
1811,1,12,9
1812,1,11,12
1813,1,18,18
1814,2,33,30
1815,2,32,28
1816,2,25,32
1817,1,31,35
1818,1,28,33
1819,1,22,32
1820,2,14,29
1821,2,31,21
1822,2,16,26
1823,1,30,29
1824,2,24,28
1825,2,33,32
1826,2,24,35
1827,1,32,35
1828,2,16,29
1829,2,30,35
1830,2,12,34
1831,1,21,30
1832,2,21,31
1833,2,23,31
1834,2,32,27
1835,2,24,19
1836,1,31,33
1837,1,32,30
1838,1,15,21
1839,2,24,34
1840,2,16,23
1841,1,11,34
1842,2,22,25
1843,1,10,34
1844,2,30,33
1845,1,15,21
1846,1,21,16
1847,1,28,26
1848,1,26,23
1849,2,30,23
1850,1,31,33
1851,2,8,19
1852,2,26,27
1853,2,22,19
1854,1,32,28
1855,2,31,21
1856,2,32,24
1857,2,24,20
1858,1,29,32
1859,2,32,10
1860,2,22,34
1861,2,25,36
1862,2,33,33
1863,1,23,33
1864,1,23,35
1865,1,33,13
1866,2,29,35
1867,2,17,9
1868,1,27,34
1869,2,27,26
1870,1,31,35
1871,1,25,30
1872,1,33,32
1873,2,20,33
1874,1,32,35
1875,2,19,35
1876,2,21,20
1877,2,29,34
1878,1,28,30
1879,1,6,14
1880,1,12,20
1881,2,23,16
1882,1,30,33
1883,1,28,32
1884,2,27,33
1885,1,28,18
1886,2,29,25
1887,1,31,28
1888,2,22,23
1889,2,33,20
1890,1,17,5
1891,1,20,23
1892,2,19,22
1893,2,32,34
1894,1,21,22
1895,1,29,33
1896,2,29,26
1897,1,20,27
1898,1,20,30
1899,2,32,34
1900,2,27,35
1901,2,32,35
1902,2,30,25
1903,2,26,13
1904,1,29,17
1905,1,31,32
1906,2,31,31
1907,1,14,11
1908,2,24,34
1909,1,31,31
1910,2,13,24
1911,1,29,35
1912,2,19,28
1913,2,27,27
1914,2,26,27
1915,2,18,34
1916,1,21,34
1917,1,11,26
1918,2,33,16
1919,2,26,14
1920,2,23,36
1921,2,25,30
1922,1,28,29
1923,2,29,28
1924,2,16,14
1925,1,31,31
1926,2,26,24
1927,2,22,26
1928,2,29,26
1929,2,2,22
1930,2,29,33
1931,1,26,26
1932,1,32,32
1933,2,31,22
1934,1,23,27
1935,1,31,19
1936,2,17,36
1937,1,24,29
1938,1,28,30
1939,1,14,13
1940,2,30,36
1941,2,17,27
1942,2,23,34
1943,1,21,27
1944,1,28,32
1945,1,19,17
1946,2,22,11
1947,2,23,28
1948,2,23,18
1949,2,28,24
1950,2,20,25
1951,1,33,32
1952,1,32,35
1953,2,20,32
1954,1,15,12
1955,2,12,15
1956,1,25,34
1957,1,25,35
1958,2,20,19
1959,2,30,34
1960,2,17,17
1961,1,23,31
1962,2,24,24
1963,2,9,24
1964,2,22,27
1965,1,25,33
1966,1,18,25
1967,2,21,17
1968,2,23,10
1969,2,27,31
1970,1,14,1
1971,2,33,35
1972,1,32,35
1973,1,9,34
1974,1,29,30
1975,1,24,35
1976,2,32,35
1977,2,25,35
1978,2,11,31
1979,2,30,34
1980,2,27,19
1981,1,30,26
1982,2,24,32
1983,1,24,34
1984,2,16,22
1985,2,32,34
1986,1,24,33
1987,2,24,31
1988,2,15,35
1989,2,24,28
1990,2,30,30
1991,2,22,34
1992,2,33,35
1993,2,26,25
1994,1,25,34
1995,2,31,36
1996,2,22,20
1997,1,32,34
1998,2,28,35
1999,1,30,26
2000,2,30,31
2001,2,29,19
2002,2,8,23
2003,1,21,31
2004,1,24,22
2005,2,29,30
2006,2,5,27
2007,1,32,33
2008,1,30,21
2009,2,26,34
2010,1,25,31
2011,2,29,22
2012,2,24,12
2013,1,29,21
2014,1,15,36
2015,1,22,21
2016,2,12,21
2017,1,33,33
2018,1,27,28
2019,1,29,32
2020,1,25,19
2021,2,32,35
2022,1,31,17
2023,2,2,21
2024,2,15,28
2025,1,26,31
2026,2,18,28
2027,2,21,23
2028,2,30,22
2029,2,31,29
2030,2,27,30
2031,2,25,25
2032,2,15,9
2033,2,1,27
2034,2,31,36
2035,1,21,27
2036,1,8,21
2037,2,33,28
2038,2,25,24
2039,1,26,35
2040,2,25,18
2041,1,31,20
2042,1,17,5
2043,2,26,30
2044,2,28,29
2045,2,5,10
2046,1,33,34
2047,1,22,29
2048,1,26,29
2049,1,22,19
2050,1,28,29
2051,2,26,29
2052,2,29,27
2053,2,20,25
2054,2,30,35
2055,2,22,33
2056,2,17,31
2057,1,21,27
2058,2,16,26
2059,2,29,31
2060,2,20,27
2061,1,30,32
2062,1,32,23
2063,1,26,28
2064,2,21,23
2065,2,17,34
2066,2,9,26
2067,2,12,22
2068,1,33,24
2069,1,26,22
2070,2,23,31
2071,1,30,31
2072,1,33,28
2073,1,26,35
2074,1,33,31
2075,1,29,31
2076,1,3,28
2077,2,24,35
2078,1,26,26
2079,1,24,28
2080,1,15,31
2081,2,26,33
2082,1,29,36
2083,2,32,19
2084,2,31,35
2085,2,15,25
2086,2,25,30
2087,2,31,31
2088,1,23,34
2089,2,20,24
2090,1,28,33
2091,2,33,31
2092,2,1,27
2093,1,33,10
2094,1,32,34
2095,1,27,34
2096,1,27,20
2097,2,27,32
2098,1,18,32
2099,2,14,14
2100,2,21,22
2101,1,15,23
2102,1,23,29
2103,2,17,22
2104,1,17,22
2105,1,30,35
2106,1,28,30
2107,2,13,26
2108,1,21,25
2109,1,29,32
2110,1,33,22
2111,1,33,35
2112,1,28,35
2113,1,8,22
2114,2,27,26
2115,1,10,21
2116,1,24,29
2117,1,20,30
2118,1,9,17
2119,1,26,27
2120,2,32,15
2121,2,10,33
2122,2,15,15
2123,1,29,29
2124,2,25,30
2125,2,32,34
2126,2,33,33
2127,1,23,10
2128,1,7,15
2129,2,20,27
2130,2,30,34
2131,1,29,20
2132,2,31,26
2133,2,31,29
2134,1,24,31
2135,1,25,35
2136,2,26,28
2137,1,23,31
2138,1,20,34
2139,2,32,28
2140,1,10,30
2141,1,25,34
2142,2,15,33
2143,2,26,13
2144,2,14,30
2145,2,32,35
2146,1,33,35
2147,2,19,20
2148,1,28,34
2149,2,32,34
2150,2,14,34
2151,2,31,25
2152,2,32,23
2153,2,16,17
2154,2,29,17
2155,1,29,33
2156,2,31,33
2157,1,23,35
2158,2,16,23
2159,1,14,30
2160,1,22,15
2161,1,24,25
2162,1,19,35
2163,2,28,36
2164,1,28,27
2165,2,27,28
2166,2,21,30
2167,1,31,32
2168,1,13,27
2169,1,25,33
2170,2,32,34
2171,2,29,27
2172,2,27,27
2173,2,6,15
2174,1,32,31
2175,2,20,25
2176,2,20,11
2177,2,31,35
2178,2,31,26
2179,2,19,33
2180,2,18,25
2181,1,28,32
2182,2,21,23
2183,1,26,33
2184,1,28,20
2185,2,28,32
2186,2,23,20
2187,2,28,32
2188,2,28,19
2189,2,20,23
2190,1,33,34
2191,2,29,26
2192,1,32,30
2193,1,28,30
2194,2,33,30
2195,2,31,35
2196,2,15,29
2197,2,20,36
2198,1,18,27
2199,2,29,26
2200,1,29,30
2201,1,10,26
2202,2,26,26
2203,2,24,28
2204,1,11,25
2205,2,10,19
2206,1,24,19
2207,2,23,18
2208,2,28,28
2209,1,20,22
2210,2,23,23
2211,1,31,31
2212,2,26,35
2213,2,32,33
2214,2,21,25
2215,2,17,10
2216,2,28,30
2217,2,24,27
2218,2,18,19
2219,1,33,31
2220,2,32,36
2221,2,21,17
2222,2,30,35
2223,1,26,32
2224,2,31,31
2225,1,27,26
2226,1,26,24
2227,2,25,33
2228,1,23,32
2229,1,27,34
2230,1,13,33
2231,2,31,29
2232,1,28,26
2233,1,14,16
2234,1,16,15
2235,2,25,33
2236,2,26,28
2237,2,32,35
2238,1,19,34
2239,1,25,25
2240,2,29,32
2241,2,32,34
2242,1,23,30
2243,1,17,13
2244,1,21,27
2245,1,16,19
2246,2,27,32
2247,1,32,33
2248,2,30,27
2249,1,21,35
2250,2,24,32
2251,2,18,21
2252,2,19,12
2253,1,28,25
2254,1,24,29
2255,2,30,30
2256,1,20,32
2257,2,21,25
2258,2,23,34
2259,1,24,31
2260,1,24,31
2261,2,29,36
2262,1,27,26
2263,1,30,35
2264,2,25,30
2265,1,31,27
2266,1,20,25
2267,1,28,34
2268,2,29,27
2269,2,18,32
2270,2,17,26
2271,2,25,27
2272,2,28,26
2273,1,31,35
2274,2,18,29
2275,2,27,22
2276,1,26,35
2277,1,32,34
2278,2,25,34
2279,1,19,31
2280,2,30,22
2281,2,20,26
2282,2,25,17
2283,2,17,14
2284,1,22,30
2285,2,32,28
2286,2,20,26
2287,2,19,15
2288,2,21,28
2289,2,31,32
2290,1,13,33
2291,2,29,33
2292,1,31,27
2293,1,22,36
2294,2,32,29
2295,2,19,33
2296,2,29,36
2297,2,32,35
2298,2,24,26
2299,1,25,8
2300,2,26,30
2301,1,30,29
2302,1,25,26
2303,2,29,13
2304,2,33,18
2305,1,25,35
2306,2,15,25
2307,2,26,29
2308,1,26,29
2309,2,18,25
2310,1,26,36
2311,1,16,29
2312,2,28,33
2313,1,32,26
2314,2,27,33
2315,1,16,32
2316,1,21,28
2317,1,18,10
2318,1,12,13
2319,1,26,27
2320,1,33,30
2321,1,22,29
2322,2,32,8
2323,2,15,9
2324,2,28,30
2325,1,23,31
2326,2,28,34
2327,1,23,27
2328,1,27,29
2329,1,33,32
2330,1,25,33
2331,2,24,26
2332,2,29,24
2333,2,24,20
2334,1,28,34
2335,1,21,27
2336,2,25,36
2337,1,28,33
2338,1,31,24
2339,2,22,32
2340,2,26,17
2341,2,28,31
2342,2,23,25
2343,2,25,25
2344,2,12,16
2345,2,29,32
2346,1,20,31
2347,1,18,19
2348,2,27,33
2349,1,18,25
2350,2,23,19
2351,2,10,18
2352,1,20,33
2353,2,19,32
2354,2,31,35
2355,2,27,23
2356,2,13,35
2357,1,14,16
2358,1,31,21
2359,1,16,11
2360,1,22,33
2361,2,17,34
2362,1,25,30
2363,1,25,29
2364,2,23,25
2365,2,23,29
2366,1,25,35
2367,2,32,35
2368,2,23,28
2369,1,31,26
2370,1,14,20
2371,1,11,13
2372,1,28,35
2373,2,27,32
2374,2,17,26
2375,2,26,28
2376,1,32,35
2377,1,31,29
2378,1,19,36
2379,1,32,25
2380,2,20,34
2381,2,22,30
2382,1,17,34
2383,2,25,32
2384,2,31,28
2385,2,23,35
2386,1,24,20
2387,2,21,28
2388,1,31,19
2389,1,17,20
2390,2,22,30
2391,1,30,32
2392,1,24,28
2393,2,13,11
2394,2,28,34
2395,2,22,24
2396,2,22,22
2397,2,29,34
2398,2,33,26
2399,2,28,31
2400,1,13,33
2401,1,4,18
2402,1,26,11
2403,2,11,17
2404,1,26,33
2405,2,28,34
2406,1,24,32
2407,1,22,24
2408,2,16,16
2409,1,23,34
2410,2,29,16
2411,1,14,20
2412,1,15,28
2413,2,30,36
2414,2,26,27
2415,2,31,30
2416,1,28,21
2417,2,16,32
2418,2,33,34
2419,2,28,20
2420,2,29,34
2421,2,25,32
2422,2,29,32
2423,1,17,14
2424,1,32,28
2425,2,28,24
2426,2,7,23
2427,1,20,29
2428,2,31,31
2429,1,32,27
2430,2,24,30
2431,1,32,35
2432,1,30,33
2433,1,31,31
2434,1,33,31
2435,1,16,27
2436,2,22,34
2437,2,26,19
2438,1,13,23
2439,1,26,27
2440,1,28,33
2441,2,26,16
2442,2,28,27
2443,2,18,16
2444,2,28,32
2445,2,14,31
2446,1,32,27
2447,2,29,35
2448,1,23,23
2449,2,29,27
2450,1,31,35
2451,1,24,15
2452,1,32,32
2453,2,22,27
2454,1,26,23
2455,2,14,30
2456,1,26,30
2457,1,31,20
2458,1,32,33
2459,2,23,25
2460,1,32,35
2461,2,20,28
2462,1,18,33
2463,2,26,28
2464,1,30,13
2465,1,33,17
2466,1,29,22
2467,2,27,23
2468,2,15,26
2469,2,14,26
2470,2,10,31
2471,2,19,25
2472,2,26,31
2473,1,24,25
2474,2,19,28
2475,1,13,18
2476,2,32,32
2477,1,26,21
2478,1,32,36
2479,1,18,34
2480,1,23,30
2481,1,21,28
2482,2,20,16
2483,1,30,23
2484,1,29,32
2485,2,24,35
2486,1,29,24
2487,2,26,33
2488,2,17,35
2489,1,26,26
2490,2,20,28
2491,2,11,32
2492,1,31,30
2493,1,30,21
2494,2,28,6
2495,2,24,35
2496,1,28,30
2497,1,19,28
2498,1,22,30
2499,2,32,29
2500,2,31,34
2501,2,33,32
2502,2,29,22
2503,2,28,34
2504,1,33,27
2505,1,14,25
2506,2,16,22
2507,1,20,33
2508,1,33,27
2509,2,20,23
2510,1,22,32
2511,1,11,9
2512,2,11,12
2513,2,19,18
2514,2,33,29
2515,2,32,28
2516,2,24,32
2517,1,32,35
2518,1,28,33
2519,2,22,31
2520,1,14,29
2521,1,32,20
2522,2,17,26
2523,2,29,28
2524,2,25,28
2525,2,32,31
2526,1,24,35
2527,2,33,35
2528,1,17,29
2529,1,30,35
2530,1,12,34
2531,2,20,30
2532,2,21,30
2533,2,24,32
2534,1,32,27
2535,1,23,20
2536,1,32,33
2537,2,33,31
2538,2,14,22
2539,2,24,34
2540,2,17,23
2541,2,11,35
2542,2,22,25
2543,1,10,35
2544,2,30,33
2545,2,14,22
2546,1,22,16
2547,2,28,26
2548,2,26,23
2549,1,30,22
2550,2,31,34
2551,2,7,19
2552,2,27,26
2553,2,21,18
2554,2,33,27
2555,2,31,21
2556,2,33,25
2557,1,24,20
2558,1,29,32
2559,1,31,9
2560,2,22,33
2561,1,24,36
2562,2,33,34
2563,2,24,33
2564,1,24,34
2565,2,32,13
2566,2,29,34
2567,1,16,9
2568,1,27,35
2569,2,26,25
2570,1,30,35
2571,1,26,30
2572,2,32,33
2573,1,20,33
2574,1,31,36
2575,2,19,36
2576,1,21,19
2577,1,29,34
2578,2,28,30
2579,2,5,14
2580,2,11,20
2581,1,24,15
2582,1,31,32
2583,1,27,32
2584,2,26,34
2585,2,27,18
2586,2,28,26
2587,1,31,27
2588,1,23,23
2589,1,33,20
2590,1,18,4
2591,2,19,22
2592,1,19,22
2593,1,32,33
2594,2,21,22
2595,1,29,34
2596,2,28,26
2597,1,20,27
2598,2,20,31
2599,2,33,33
2600,1,27,35
2601,2,32,35
2602,2,29,24
2603,2,27,13
2604,2,30,16
2605,2,31,33
2606,2,30,30
2607,1,14,10
2608,1,24,34
2609,1,31,31
2610,1,13,24
2611,2,29,34
2612,2,19,28
2613,2,27,26
2614,1,26,26
2615,2,19,34
2616,1,21,35
2617,2,10,27
2618,2,33,17
2619,1,26,13
2620,2,23,36
2621,2,26,31
2622,2,28,29
2623,2,28,29
2624,2,16,13
2625,1,30,30
2626,1,26,24
2627,2,23,27
2628,1,29,26
2629,2,1,21
2630,2,28,33
2631,1,27,25
2632,1,32,32
2633,2,31,23
2634,1,23,28
2635,2,31,20
2636,1,18,35
2637,1,23,28
2638,1,27,31
2639,2,15,13
2640,1,30,36
2641,1,16,26
2642,1,22,33
2643,2,20,26
2644,1,28,32
2645,2,19,18
2646,1,22,12
2647,1,24,28
2648,2,23,18
2649,1,28,24
2650,1,21,24
2651,1,33,31
2652,2,33,34
2653,2,21,33
2654,1,16,13
2655,1,11,15
2656,1,24,34
2657,2,25,36
2658,1,20,18
2659,1,30,33
2660,1,17,18
2661,2,23,31
2662,1,23,23
2663,1,10,25
2664,1,22,27
2665,1,26,33
2666,2,18,25
2667,2,20,17
2668,1,24,9
2669,1,27,32
2670,2,14,2
2671,2,32,35
2672,1,32,36
2673,1,10,34
2674,1,29,31
2675,2,24,36
2676,2,32,36
2677,2,25,35
2678,1,11,32
2679,2,30,34
2680,2,27,18
2681,1,30,26
2682,2,24,32
2683,2,23,35
2684,1,17,22
2685,1,33,34
2686,2,24,33
2687,2,24,32
2688,2,16,35
2689,2,23,27
2690,1,30,29
2691,1,23,35
2692,2,32,36
2693,1,25,25
2694,2,25,34
2695,1,30,36
2696,1,22,20
2697,1,31,34
2698,2,27,36
2699,1,31,26
2700,2,30,32
2701,2,29,18
2702,2,9,23
2703,2,22,30
2704,1,23,22
2705,2,29,30
2706,2,5,28
2707,2,31,33
2708,2,30,21
2709,1,26,33
2710,1,25,32
2711,2,28,22
2712,2,23,13
2713,2,30,21
2714,2,15,35
2715,2,23,20
2716,1,13,20
2717,2,33,32
2718,2,27,28
2719,1,29,32
2720,1,25,19
2721,2,32,35
2722,2,30,16
2723,1,3,21
2724,1,15,29
2725,2,27,32
2726,1,18,28
2727,2,22,24
2728,1,30,22
2729,2,31,30
2730,2,26,29
2731,1,26,24
2732,2,14,8
2733,1,2,27
2734,2,31,35
2735,1,21,28
2736,1,8,21
2737,1,32,28
2738,2,26,24
2739,2,26,35
2740,2,25,18
2741,2,31,20
2742,1,16,4
2743,1,27,31
2744,1,27,30
2745,2,4,10
2746,2,33,34
2747,2,22,30
2748,1,26,30
2749,2,22,18
2750,1,27,29
2751,2,26,29
2752,1,28,27
2753,2,21,26
2754,1,31,35
2755,2,21,33
2756,2,17,31
2757,1,20,26
2758,2,17,25
2759,1,28,32
2760,2,20,27
2761,1,31,33
2762,1,33,22
2763,2,26,28
2764,1,21,23
2765,1,18,34
2766,1,9,26
2767,1,12,22
2768,1,33,24
2769,2,26,21
2770,2,22,32
2771,1,30,32
2772,1,33,28
2773,1,26,34
2774,1,32,30
2775,1,28,31
2776,2,3,27
2777,2,24,35
2778,2,27,27
2779,2,24,28
2780,1,16,32
2781,1,25,34
2782,2,28,36
2783,2,31,19
2784,2,31,34
2785,2,15,25
2786,2,25,30
2787,1,31,32
2788,1,23,34
2789,2,21,23
2790,2,29,33
2791,2,33,30
2792,1,1,27
2793,2,33,10
2794,2,32,34
2795,2,27,35
2796,2,27,21
2797,2,26,31
2798,1,18,32
2799,2,14,13
2800,1,21,21
2801,2,16,23
2802,2,22,30
2803,1,18,22
2804,2,17,21
2805,2,31,35
2806,1,28,30
2807,1,12,26
2808,1,20,24
2809,2,29,31
2810,2,32,23
2811,2,32,35
2812,1,28,36
2813,2,9,22
2814,2,26,26
2815,1,10,21
2816,2,24,29
2817,2,19,29
2818,1,10,16
2819,1,27,27
2820,2,33,14
2821,2,11,32
2822,2,15,15
2823,1,30,30
2824,2,24,30
2825,1,31,33
2826,1,33,34
2827,1,23,10
2828,2,8,15
2829,2,21,27
2830,1,30,34
2831,1,29,20
2832,2,31,26
2833,2,30,28
2834,2,25,32
2835,2,24,35
2836,2,26,29
2837,2,22,31
2838,2,21,34
2839,2,32,27
2840,2,9,31
2841,2,26,34
2842,1,15,33
2843,2,26,13
2844,2,13,31
2845,1,33,35
2846,2,33,35
2847,2,20,21
2848,1,29,33
2849,1,33,34
2850,2,14,33
2851,1,30,25
2852,2,31,23
2853,1,17,18
2854,2,29,17
2855,1,30,34
2856,2,32,32
2857,1,24,34
2858,1,16,22
2859,1,15,29
2860,1,22,16
2861,1,24,25
2862,2,20,35
2863,1,29,35
2864,1,29,26
2865,2,28,29
2866,1,21,29
2867,1,31,33
2868,2,13,28
2869,1,25,32
2870,2,31,34
2871,1,30,28
2872,1,27,26
2873,2,6,15
2874,2,32,30
2875,1,20,26
2876,2,19,11
2877,1,31,34
2878,1,31,27
2879,1,19,33
2880,1,18,26
2881,1,29,32
2882,2,21,24
2883,1,26,32
2884,1,28,19
2885,2,28,32
2886,1,23,21
2887,2,27,32
2888,2,27,18
2889,2,21,24
2890,1,33,34
2891,1,30,25
2892,2,32,29
2893,1,27,31
2894,2,32,29
2895,1,30,35
2896,1,15,30
2897,1,20,36
2898,1,19,28
2899,2,28,27
2900,2,29,29
2901,2,11,27
2902,1,27,27
2903,2,25,28
2904,1,12,25
2905,1,11,18
2906,2,24,19
2907,2,24,17
2908,2,28,28
2909,2,20,22
2910,2,23,23
2911,1,31,30
2912,2,27,35
2913,2,33,33
2914,1,21,25
2915,1,16,11
2916,2,29,29
2917,2,23,26
2918,2,18,20
2919,2,32,31
2920,2,31,35
2921,2,21,16
2922,1,29,36
2923,2,27,33
2924,1,31,31
2925,1,27,27
2926,2,25,24
2927,1,25,33
2928,1,24,32
2929,2,27,34
2930,1,13,34
2931,1,31,29
2932,2,27,25
2933,2,15,16
2934,2,15,15
2935,1,26,33
2936,2,26,29
2937,2,31,36
2938,2,19,33
2939,1,24,26
2940,2,28,32
2941,1,32,34
2942,2,23,29
2943,1,17,13
2944,1,22,27
2945,2,17,19
2946,2,28,32
2947,1,31,33
2948,1,31,28
2949,2,22,35
2950,2,24,32
2951,1,18,21
2952,1,19,13
2953,1,29,26
2954,1,25,29
2955,1,29,30
2956,2,20,32
2957,1,21,24
2958,1,23,34
2959,1,23,32
2960,2,23,31
2961,1,28,35
2962,2,28,27
2963,1,31,35
2964,1,25,30
2965,1,31,28
2966,2,20,25
2967,2,28,33
2968,1,28,27
2969,2,19,33
2970,1,17,27
2971,2,26,26
2972,2,29,25
2973,2,31,36
2974,2,18,28
2975,1,27,21
2976,2,27,35
2977,2,31,35
2978,2,25,33
2979,2,19,30
2980,1,31,21
2981,1,21,25
2982,2,25,17
2983,2,16,15
2984,1,23,29
2985,2,33,28
2986,1,19,27
2987,1,19,15
2988,2,22,27
2989,2,32,32
2990,2,14,34
2991,1,29,32
2992,1,31,27
2993,1,22,35
2994,2,32,30
2995,2,19,33
2996,2,28,35
2997,2,32,36
2998,1,23,26
2999,1,24,8
3000,1,26,30
3001,2,29,28
3002,1,25,26
3003,2,30,12
3004,1,32,19
3005,1,26,34
3006,2,15,24
3007,2,25,29
3008,1,26,29
3009,2,18,25
3010,2,26,35
3011,2,17,29
3012,2,28,32
3013,2,31,25
3014,1,27,33
3015,1,17,33
3016,1,21,27
3017,1,18,11
3018,1,11,14
3019,1,25,28
3020,1,32,29
3021,2,21,29
3022,1,33,9
3023,2,15,9
3024,2,28,29
3025,2,24,31
3026,2,28,33
3027,1,23,27
3028,1,27,29
3029,1,33,33
3030,2,25,33
3031,2,23,25
3032,2,30,25
3033,2,24,20
3034,2,28,34
3035,1,22,26
3036,2,26,35
3037,2,28,32
3038,1,30,25
3039,1,21,31
3040,1,26,16
3041,1,28,32
3042,1,23,24
3043,1,25,25
3044,1,11,15
3045,2,30,31
3046,1,20,31
3047,1,17,19
3048,1,28,33
3049,2,17,25
3050,2,23,19
3051,2,10,18
3052,1,20,33
3053,2,20,33
3054,1,32,35
3055,2,27,23
3056,1,13,35
3057,1,14,16
3058,2,31,22
3059,1,17,10
3060,1,23,34
3061,2,17,34
3062,1,25,30
3063,1,24,29
3064,2,23,24
3065,2,23,30
3066,2,26,35
3067,1,33,35
3068,2,24,28
3069,2,30,27
3070,1,14,19
3071,2,11,13
3072,1,28,35
3073,2,27,31
3074,2,17,25
3075,1,27,29
3076,1,31,36
3077,2,31,29
3078,2,19,35
3079,2,32,24
3080,1,20,35
3081,1,22,30
3082,1,18,33
3083,2,24,33
3084,1,32,29
3085,1,23,35
3086,2,23,20
3087,1,22,29
3088,1,31,19
3089,2,16,21
3090,2,21,30
3091,2,29,32
3092,1,24,27
3093,1,13,11
3094,1,28,34
3095,2,22,23
3096,2,22,22
3097,1,30,35
3098,1,33,25
3099,2,29,30
3100,1,12,33
3101,1,4,18
3102,2,27,12
3103,2,10,17
3104,2,26,34
3105,1,27,34
3106,2,24,32
3107,1,21,23
3108,2,16,16
3109,1,22,35
3110,2,28,16
3111,2,13,20
3112,1,14,28
3113,2,30,36
3114,2,26,26
3115,1,31,30
3116,2,28,21
3117,1,17,31
3118,1,33,33
3119,1,28,20
3120,1,28,34
3121,1,25,32
3122,1,30,31
3123,2,16,13
3124,2,33,27
3125,2,27,24
3126,2,7,24
3127,1,20,30
3128,1,31,32
3129,2,31,27
3130,1,24,30
3131,2,31,35
3132,1,30,33
3133,1,31,32
3134,2,33,31
3135,1,17,27
3136,1,22,34
3137,1,25,19
3138,2,13,23
3139,2,26,28
3140,1,28,33
3141,2,26,16
3142,2,29,28
3143,2,17,17
3144,1,27,33
3145,1,15,32
3146,1,32,28
3147,2,30,36
3148,1,23,23
3149,1,30,28
3150,1,31,34
3151,1,25,14
3152,2,32,33
3153,2,23,27
3154,2,27,22
3155,2,15,29
3156,2,25,29
3157,2,31,21
3158,1,32,34
3159,1,23,25
3160,2,32,34
3161,1,20,29
3162,2,18,33
3163,1,26,29
3164,1,31,14
3165,1,33,18
3166,1,30,22
3167,1,28,23
3168,2,14,26
3169,1,15,26
3170,2,11,32
3171,1,19,24
3172,1,25,32
3173,1,24,25
3174,1,18,27
3175,2,13,19
3176,2,31,31
3177,1,25,20
3178,2,32,35
3179,2,18,33
3180,2,23,29
3181,1,20,28
3182,1,20,15
3183,2,30,24
3184,1,30,33
3185,1,23,36
3186,2,30,25
3187,2,26,33
3188,2,18,35
3189,1,26,26
3190,2,20,27
3191,2,10,32
3192,2,30,31
3193,1,30,22
3194,2,27,6
3195,1,24,35
3196,2,27,31
3197,2,18,27
3198,2,22,31
3199,2,33,29
3200,1,31,34
3201,1,32,32
3202,2,28,22
3203,1,27,34
3204,1,33,28
3205,2,15,25
3206,1,17,21
3207,2,20,34
3208,2,32,27
3209,2,20,24
3210,2,22,32
3211,1,12,10
3212,1,10,12
3213,2,18,19
3214,1,32,30
3215,1,31,29
3216,1,25,31
3217,2,31,35
3218,2,28,33
3219,2,22,32
3220,1,13,28
3221,2,31,21
3222,2,17,26
3223,1,30,29
3224,2,24,29
3225,1,32,31
3226,1,25,36
3227,1,32,34
3228,2,17,29
3229,2,30,34
3230,1,12,33
3231,1,20,31
3232,2,22,31
3233,2,24,31
3234,2,32,28
3235,1,23,20
3236,1,32,33
3237,1,33,31
3238,2,15,21
3239,2,24,33
3240,1,16,23
3241,2,10,35
3242,2,23,24
3243,2,10,35
3244,2,29,32
3245,1,15,22
3246,1,21,15
3247,1,27,27
3248,2,26,23
3249,2,30,23
3250,1,31,33
3251,2,8,19
3252,2,27,26
3253,1,22,19
3254,2,32,27
3255,1,32,21
3256,1,33,24
3257,1,24,20
3258,1,29,33
3259,1,32,10
3260,2,22,34
3261,1,25,35
3262,2,33,33
3263,2,23,34
3264,1,24,35
3265,1,33,12
3266,2,28,34
3267,1,16,10
3268,1,27,35
3269,1,26,26
3270,2,31,36
3271,2,26,31
3272,1,32,32
3273,2,21,33
3274,2,31,36
3275,2,20,36
3276,2,20,19
3277,1,29,34
3278,1,28,31
3279,1,5,15
3280,1,12,19
3281,2,24,15
3282,1,31,33
3283,2,27,33
3284,1,26,34
3285,2,28,18
3286,2,28,25
3287,2,30,28
3288,2,23,23
3289,2,32,20
3290,1,18,5
3291,2,20,23
3292,2,19,23
3293,1,33,33
3294,1,21,21
3295,2,30,33
3296,1,29,26
3297,1,21,27
3298,2,21,31
3299,1,32,33
3300,2,27,35
3301,1,33,35
3302,2,30,24
3303,2,27,13
3304,1,30,17
3305,2,31,33
3306,1,30,30
3307,1,14,10
3308,1,23,33
3309,1,31,32
3310,2,14,24
3311,1,30,34
3312,2,20,28
3313,2,27,27
3314,1,26,27
3315,2,19,34
3316,2,22,34
3317,2,11,26
3318,1,32,17
3319,1,26,14
3320,2,24,35
3321,2,25,30
3322,2,28,29
3323,2,29,28
3324,1,16,14
3325,2,30,30
3326,1,26,23
3327,2,22,27
3328,1,30,26
3329,2,1,22
3330,1,29,33
3331,1,26,25
3332,2,32,32
3333,1,30,23
3334,1,23,28
3335,2,31,20
3336,1,18,35
3337,2,23,28
3338,1,27,31
3339,2,14,13
3340,2,29,35
3341,2,16,26
3342,1,22,33
3343,2,21,26
3344,2,29,32
3345,1,19,17
3346,1,23,12
3347,1,24,27
3348,1,22,18
3349,1,28,25
3350,2,20,25
3351,2,33,31
3352,1,33,35
3353,2,20,32
3354,2,15,13
3355,1,11,14
3356,2,24,34
3357,2,26,36
3358,2,20,19
3359,2,30,34
3360,1,17,17
3361,2,23,32
3362,2,24,23
3363,2,9,24
3364,2,21,28
3365,2,25,33
3366,2,18,25
3367,2,21,17
3368,2,23,9
3369,1,27,32
3370,1,15,1
3371,1,32,35
3372,2,31,35
3373,2,10,34
3374,1,30,31
3375,1,23,36
3376,1,32,35
3377,2,24,35
3378,2,10,31
3379,1,30,35
3380,1,27,19
3381,1,31,26
3382,1,25,32
3383,1,24,35
3384,2,16,21
3385,1,32,34
3386,1,23,34
3387,2,24,32
3388,2,16,35
3389,2,24,28
3390,2,30,30
3391,1,22,35
3392,2,33,36
3393,2,26,26
3394,1,25,34
3395,1,30,36
3396,2,22,20
3397,2,32,35
3398,1,28,36
3399,2,30,26
3400,1,30,31
3401,1,28,18
3402,2,9,24
3403,2,21,30
3404,1,23,23
3405,1,30,30
3406,2,5,28
3407,1,32,32
3408,1,29,22
3409,1,26,34
3410,2,25,31
3411,2,29,22
3412,2,24,12
3413,1,29,21
3414,1,15,36
3415,1,23,20
3416,2,13,20
3417,1,33,33
3418,1,27,29
3419,1,29,33
3420,1,26,18
3421,1,31,34
3422,2,30,16
3423,1,3,21
3424,2,15,28
3425,2,27,31
3426,2,18,28
3427,2,21,23
3428,2,30,22
3429,1,31,30
3430,1,27,29
3431,1,25,25
3432,1,15,9
3433,1,1,26
3434,1,32,35
3435,2,21,27
3436,2,8,21
3437,1,32,28
3438,1,25,25
3439,1,26,35
3440,1,26,19
3441,1,31,19
3442,1,16,5
3443,2,26,30
3444,1,28,30
3445,1,5,11
3446,1,33,35
3447,1,22,29
3448,2,26,29
3449,2,21,18
3450,1,27,29
3451,1,27,28
3452,2,28,26
3453,1,21,25
3454,1,30,36
3455,1,22,33
3456,1,18,30
3457,1,20,26
3458,1,16,25
3459,2,29,32
3460,1,21,27
3461,1,30,32
3462,2,33,23
3463,1,27,28
3464,2,21,23
3465,1,17,34
3466,1,8,25
3467,2,11,21
3468,2,33,24
3469,1,25,21
3470,2,22,31
3471,2,29,31
3472,2,32,28
3473,1,27,35
3474,1,32,30
3475,1,29,32
3476,2,2,28
3477,2,24,35
3478,2,27,27
3479,1,24,27
3480,2,16,31
3481,2,25,34
3482,1,29,36
3483,1,32,18
3484,2,31,35
3485,1,14,26
3486,1,26,31
3487,2,31,31
3488,2,22,35
3489,1,21,23
3490,2,28,34
3491,2,32,30
3492,2,1,27
3493,1,32,10
3494,2,33,34
3495,1,26,34
3496,2,26,20
3497,2,27,31
3498,1,17,32
3499,2,14,14
3500,1,21,21
3501,1,16,23
3502,2,23,29
3503,1,18,22
3504,1,17,21
3505,1,31,36
3506,2,27,31
3507,1,13,27
3508,1,20,25
3509,1,30,32
3510,2,32,22
3511,2,33,35
3512,1,28,36
3513,1,8,22
3514,2,26,26
3515,2,10,20
3516,2,24,29
3517,2,19,29
3518,1,9,16
3519,1,26,27
3520,1,32,14
3521,2,11,32
3522,2,16,14
3523,2,29,29
3524,2,25,30
3525,2,31,33
3526,2,33,33
3527,1,24,9
3528,2,8,15
3529,1,20,28
3530,2,30,35
3531,2,29,21
3532,1,32,25
3533,1,30,28
3534,1,25,32
3535,2,24,34
3536,2,27,28
3537,1,23,31
3538,1,21,35
3539,2,32,27
3540,1,10,30
3541,2,26,33
3542,1,16,33
3543,2,26,13
3544,2,14,30
3545,1,33,35
3546,2,32,34
3547,2,20,20
3548,1,28,33
3549,1,33,33
3550,1,14,34
3551,2,30,25
3552,1,31,23
3553,2,16,17
3554,1,29,18
3555,2,30,33
3556,1,32,33
3557,1,24,35
3558,2,16,23
3559,2,14,30
3560,2,23,16
3561,2,24,25
3562,2,19,35
3563,1,29,36
3564,2,29,26
3565,2,28,29
3566,2,21,29
3567,1,31,32
3568,1,13,27
3569,2,25,33
3570,2,31,34
3571,2,30,28
3572,1,27,26
3573,2,6,14
3574,1,31,31
3575,2,19,25
3576,2,20,11
3577,1,31,35
3578,1,31,27
3579,1,19,34
3580,1,17,25
3581,1,29,33
3582,2,22,23
3583,2,25,32
3584,2,29,19
3585,2,29,33
3586,2,23,20
3587,2,27,31
3588,2,27,19
3589,1,21,24
3590,1,32,34
3591,1,29,26
3592,1,31,30
3593,2,27,30
3594,2,32,30
3595,1,31,35
3596,1,15,29
3597,2,20,35
3598,1,18,28
3599,2,28,27
3600,1,28,30
3601,2,11,27
3602,1,26,26
3603,2,25,29
3604,2,11,24
3605,1,11,18
3606,2,24,18
3607,1,23,17
3608,1,28,29
3609,1,20,22
3610,1,24,22
3611,2,31,31
3612,2,26,35
3613,2,33,33
3614,1,21,24
3615,1,16,10
3616,2,29,30
3617,1,24,26
3618,1,18,19
3619,2,32,31
3620,1,32,36
3621,2,21,17
3622,1,29,36
3623,2,26,32
3624,2,30,32
3625,2,27,27
3626,2,26,24
3627,2,25,34
3628,2,23,33
3629,2,28,34
3630,2,13,34
3631,2,32,29
3632,1,28,25
3633,1,14,16
3634,1,16,16
3635,2,26,34
3636,2,27,28
3637,1,32,36
3638,1,19,33
3639,2,24,26
3640,2,29,33
3641,2,32,34
3642,1,23,29
3643,1,16,13
3644,2,21,28
3645,1,17,18
3646,2,27,33
3647,2,32,32
3648,2,30,28
3649,1,21,35
3650,2,25,32
3651,1,18,21
3652,2,19,13
3653,2,29,26
3654,2,24,30
3655,1,30,31
3656,2,19,33
3657,1,20,25
3658,2,23,34
3659,1,24,32
3660,1,24,31
3661,1,28,35
3662,1,28,26
3663,1,30,35
3664,2,25,30
3665,2,31,27
3666,2,19,24
3667,1,29,34
3668,2,29,26
3669,1,18,32
3670,2,16,27
3671,2,25,26
3672,1,28,26
3673,2,32,35
3674,1,19,28
3675,2,26,21
3676,1,27,35
3677,2,32,34
3678,1,25,33
3679,1,19,30
3680,1,30,22
3681,2,20,26
3682,1,25,17
3683,1,17,14
3684,1,23,30
3685,2,33,28
3686,2,19,26
3687,2,19,14
3688,2,22,27
3689,2,31,31
3690,1,13,33
3691,2,29,33
3692,1,31,28
3693,2,22,36
3694,2,31,30
3695,2,20,34
3696,2,29,35
3697,2,32,35
3698,1,24,26
3699,2,24,9
3700,2,27,29
3701,1,29,29
3702,1,25,26
3703,2,29,13
3704,1,33,19
3705,1,26,35
3706,1,16,24
3707,1,26,29
3708,1,26,29
3709,2,19,25
3710,2,26,36
3711,1,17,29
3712,2,27,32
3713,1,31,26
3714,1,27,32
3715,1,16,32
3716,2,21,28
3717,2,19,10
3718,1,12,14
3719,1,25,27
3720,1,33,30
3721,2,22,30
3722,1,32,8
3723,1,15,10
3724,1,28,30
3725,1,24,31
3726,1,28,33
3727,2,23,28
3728,2,27,29
3729,1,32,32
3730,2,26,33
3731,2,23,25
3732,1,29,24
3733,2,25,20
3734,1,27,34
3735,2,21,26
3736,1,26,35
3737,1,29,32
3738,2,31,25
3739,1,21,31
3740,1,27,17
3741,2,28,31
3742,1,22,24
3743,1,25,26
3744,1,12,15
3745,1,30,31
3746,2,20,31
3747,2,17,20
3748,2,28,32
3749,2,17,24
3750,2,23,20
3751,2,10,18
3752,2,20,32
3753,1,19,33
3754,1,31,35
3755,1,27,23
3756,2,13,35
3757,2,14,16
3758,1,31,22
3759,2,17,11
3760,1,23,34
3761,1,17,34
3762,1,24,29
3763,2,24,29
3764,2,23,25
3765,1,24,29
3766,2,26,35
3767,1,33,35
3768,1,24,29
3769,2,30,26
3770,1,13,20
3771,1,11,13
3772,1,28,35
3773,2,26,31
3774,1,16,26
3775,2,27,28
3776,2,31,36
3777,2,31,30
3778,2,18,36
3779,2,32,24
3780,1,19,35
3781,1,22,30
3782,2,17,34
3783,2,24,33
3784,1,32,28
3785,2,23,36
3786,1,24,19
3787,2,22,28
3788,1,31,19
3789,2,16,21
3790,2,22,30
3791,1,30,32
3792,1,23,27
3793,2,13,10
3794,2,28,33
3795,1,22,24
3796,1,22,22
3797,2,29,34
3798,1,33,25
3799,1,28,30
3800,1,13,34
3801,1,3,17
3802,1,27,12
3803,2,11,17
3804,1,27,33
3805,2,27,35
3806,1,24,31
3807,1,22,23
3808,1,17,16
3809,1,22,35
3810,2,29,16
3811,2,14,21
3812,2,15,28
3813,1,30,36
3814,2,26,26
3815,2,31,30
3816,1,29,21
3817,1,17,32
3818,1,33,33
3819,2,28,20
3820,2,28,35
3821,2,25,31
3822,2,30,31
3823,1,16,14
3824,1,33,28
3825,1,28,23
3826,1,8,23
3827,2,21,29
3828,2,30,31
3829,2,31,27
3830,2,24,29
3831,2,32,35
3832,2,29,32
3833,2,31,32
3834,1,32,30
3835,2,16,26
3836,1,21,34
3837,1,26,20
3838,1,13,24
3839,2,27,27
3840,2,29,34
3841,1,27,17
3842,1,29,28
3843,1,18,16
3844,1,27,32
3845,1,15,31
3846,2,33,28
3847,1,29,35
3848,1,22,23
3849,2,29,27
3850,2,31,35
3851,2,24,15
3852,1,32,32
3853,2,22,28
3854,2,26,23
3855,2,15,30
3856,1,26,29
3857,2,31,20
3858,1,32,34
3859,2,23,26
3860,2,33,35
3861,1,20,29
3862,2,19,32
3863,2,26,28
3864,2,30,13
3865,2,32,17
3866,1,30,22
3867,2,27,23
3868,1,14,26
3869,1,14,27
3870,2,10,32
3871,2,19,25
3872,1,25,31
3873,1,24,25
3874,1,19,27
3875,1,12,18
3876,2,32,32
3877,1,26,20
3878,2,32,36
3879,1,18,33
3880,2,22,30
3881,1,20,28
3882,1,19,15
3883,2,30,24
3884,1,29,32
3885,1,23,35
3886,1,30,25
3887,2,25,32
3888,2,18,36
3889,1,26,26
3890,2,19,28
3891,2,10,32
3892,2,31,31
3893,1,31,21
3894,2,28,7
3895,2,23,35
3896,2,27,31
3897,2,19,27
3898,2,21,30
3899,2,33,29
3900,2,31,34
3901,1,33,32
3902,1,29,23
3903,1,28,34
3904,2,33,28
3905,1,14,25
3906,1,16,21
3907,2,20,33
3908,2,32,27
3909,1,19,24
3910,1,23,32
3911,1,11,10
3912,1,11,11
3913,1,18,18
3914,1,32,30
3915,2,31,29
3916,2,24,32
3917,2,32,34
3918,1,28,34
3919,1,21,31
3920,2,14,29
3921,1,32,21
3922,1,17,25
3923,1,29,29
3924,2,25,29
3925,1,32,31
3926,1,24,35
3927,1,33,34
3928,1,17,29
3929,2,31,34
3930,1,12,33
3931,2,20,30
3932,2,21,30
3933,2,24,32
3934,2,33,28
3935,1,24,20
3936,1,32,33
3937,2,33,31
3938,2,14,21
3939,2,24,33
3940,1,16,24
3941,1,11,34
3942,2,22,24
3943,2,10,35
3944,2,30,32
3945,2,14,21
3946,2,21,15
3947,2,28,27
3948,1,26,24
3949,2,29,22
3950,1,31,34
3951,1,7,20
3952,1,27,26
3953,2,22,19
3954,1,32,27
3955,2,32,21
3956,1,33,24
3957,2,24,19
3958,1,29,33
3959,2,32,9
3960,1,22,34
3961,1,25,35
3962,2,32,34
3963,2,24,34
3964,1,24,34
3965,2,33,13
3966,2,28,35
3967,1,17,9
3968,2,27,34
3969,1,27,26
3970,1,31,36
3971,2,26,30
3972,2,33,32
3973,1,21,33
3974,1,31,35
3975,2,20,35
3976,1,20,19
3977,2,29,33
3978,2,27,31
3979,1,5,14
3980,1,12,19
3981,2,23,16
3982,1,31,33
3983,2,28,32
3984,2,26,34
3985,1,28,18
3986,2,29,26
3987,1,31,27
3988,1,23,22
3989,2,32,20
3990,2,18,4
3991,2,19,22
3992,2,19,22
3993,2,32,33
3994,1,20,21
3995,1,30,34
3996,2,28,27
3997,2,21,26
3998,1,21,30
3999,1,32,33
4000,1,27,36
4001,1,33,35
4002,2,30,25
4003,1,27,12
4004,1,29,17
4005,1,31,33
4006,2,31,30
4007,2,14,10
4008,1,24,33
4009,1,32,32
4010,1,13,24
4011,2,29,35
4012,1,20,29
4013,2,27,26
4014,1,26,26
4015,2,19,34
4016,2,22,34
4017,2,11,27
4018,1,33,16
4019,1,26,14
4020,2,23,36
4021,2,26,31
4022,1,27,29
4023,1,29,28
4024,2,15,14
4025,2,31,31
4026,2,26,23
4027,2,22,27
4028,2,29,26
4029,2,1,21
4030,2,28,33
4031,1,27,26
4032,2,32,32
4033,1,30,23
4034,2,24,27
4035,1,30,20
4036,2,17,35
4037,2,24,29
4038,1,28,31
4039,1,14,12
4040,1,30,35
4041,1,16,27
4042,1,23,34
4043,1,21,27
4044,2,28,32
4045,2,19,18
4046,1,23,12
4047,2,24,28
4048,1,22,17
4049,1,28,25
4050,2,21,24
4051,2,32,31
4052,2,33,34
4053,2,21,33
4054,2,16,12
4055,1,11,15
4056,2,25,34
4057,1,25,35
4058,1,19,18
4059,1,30,34
4060,2,18,17
4061,1,23,31
4062,1,23,24
4063,2,10,24
4064,2,21,27
4065,2,25,34
4066,2,19,25
4067,2,20,18
4068,2,23,9
4069,2,27,31
4070,2,14,2
4071,2,32,36
4072,1,32,36
4073,2,10,33
4074,2,30,31
4075,2,23,36
4076,2,33,36
4077,2,25,35
4078,1,10,32
4079,2,30,34
4080,1,27,19
4081,1,31,27
4082,1,25,32
4083,1,23,34
4084,2,17,21
4085,1,33,34
4086,1,24,33
4087,1,25,31
4088,1,16,36
4089,2,23,27
4090,2,30,29
4091,1,22,34
4092,2,32,36
4093,2,25,25
4094,1,25,33
4095,2,31,35
4096,2,22,20
4097,1,31,35
4098,1,28,35
4099,2,31,26
4100,2,29,32
4101,1,28,19
4102,2,9,23
4103,2,22,30
4104,1,24,22
4105,1,29,30
4106,2,5,27
4107,1,32,33
4108,1,29,21
4109,1,25,33
4110,2,26,32
4111,1,28,21
4112,2,23,13
4113,2,30,21
4114,2,15,36
4115,1,22,21
4116,1,12,21
4117,2,32,33
4118,1,26,29
4119,2,30,32
4120,2,26,19
4121,1,32,34
4122,1,30,16
4123,2,3,22
4124,2,14,29
4125,1,26,32
4126,2,17,27
4127,1,21,23
4128,2,30,22
4129,2,31,30
4130,2,27,29
4131,1,26,24
4132,2,14,8
4133,1,1,26
4134,1,31,36
4135,2,21,28
4136,2,8,21
4137,1,33,29
4138,2,26,24
4139,2,27,35
4140,1,26,19
4141,2,32,20
4142,1,17,5
4143,2,27,30
4144,1,27,29
4145,2,4,11
4146,2,33,35
4147,2,21,29
4148,2,27,30
4149,1,22,18
4150,1,28,29
4151,2,27,28
4152,2,28,26
4153,1,21,25
4154,2,30,35
4155,2,21,33
4156,2,18,30
4157,2,20,27
4158,1,16,25
4159,1,28,31
4160,2,21,26
4161,2,31,32
4162,1,32,22
4163,1,26,27
4164,1,21,23
4165,2,18,35
4166,1,8,26
4167,1,12,21
4168,1,32,24
4169,1,26,21
4170,2,22,32
4171,2,29,32
4172,2,33,28
4173,2,27,34
4174,1,33,31
4175,1,29,32
4176,1,2,27
4177,1,25,35
4178,2,26,27
4179,2,24,27
4180,1,15,31
4181,2,25,33
4182,2,28,36
4183,1,31,18
4184,1,31,35
4185,1,14,26
4186,1,26,30
4187,1,32,32
4188,1,22,35
4189,2,21,24
4190,2,28,34
4191,2,32,30
4192,1,1,28
4193,1,33,10
4194,1,32,33
4195,1,26,35
4196,2,26,20
4197,2,27,32
4198,2,17,32
4199,1,13,14
4200,1,21,22
4201,1,16,24
4202,1,23,30
4203,2,17,21
4204,2,17,21
4205,1,31,36
4206,1,28,30
4207,2,13,27
4208,2,20,24
4209,1,30,31
4210,2,33,23
4211,1,32,34
4212,1,28,36
4213,2,9,22
4214,2,26,27
4215,2,11,21
4216,2,24,30
4217,2,20,30
4218,2,10,16
4219,2,27,27
4220,2,33,15
4221,2,10,32
4222,1,16,14
4223,1,29,30
4224,2,24,29
4225,2,31,34
4226,1,32,33
4227,1,23,9
4228,1,7,14
4229,1,20,27
4230,1,31,34
4231,2,30,20
4232,2,32,25
4233,2,30,28
4234,1,25,31
4235,1,25,34
4236,1,27,29
4237,1,22,32
4238,2,21,34
4239,2,32,27
4240,2,9,30
4241,1,25,33
4242,2,15,32
4243,2,25,12
4244,2,13,30
4245,2,32,35
4246,2,33,35
4247,2,20,21
4248,1,29,34
4249,1,32,34
4250,1,14,33
4251,1,30,24
4252,1,31,23
4253,2,17,17
4254,2,29,18
4255,2,29,34
4256,1,32,32
4257,1,23,35
4258,1,16,23
4259,1,15,30
4260,1,23,15
4261,2,23,26
4262,1,20,34
4263,2,29,35
4264,1,29,27
4265,1,28,28
4266,2,22,29
4267,2,30,33
4268,1,14,28
4269,2,24,32
4270,2,32,33
4271,1,30,28
4272,1,27,26
4273,2,7,14
4274,2,31,30
4275,1,19,25
4276,2,19,11
4277,1,30,34
4278,2,32,27
4279,1,18,34
4280,2,17,25
4281,1,28,32
4282,2,21,24
4283,2,25,32
4284,1,29,19
4285,2,28,33
4286,1,22,20
4287,2,27,31
4288,1,28,19
4289,1,20,24
4290,1,33,34
4291,1,29,25
4292,2,31,30
4293,1,27,30
4294,1,33,29
4295,1,30,36
4296,2,16,29
4297,1,20,35
4298,1,19,28
4299,1,29,26
4300,2,28,29
4301,2,10,26
4302,2,26,27
4303,2,25,29
4304,2,11,25
4305,2,11,18
4306,2,25,18
4307,2,24,17
4308,1,28,29
4309,1,20,23
4310,1,23,23
4311,1,30,31
4312,2,27,35
4313,1,32,34
4314,2,21,25
4315,2,17,10
4316,1,29,30
4317,1,23,26
4318,1,17,20
4319,2,33,31
4320,1,32,36
4321,1,21,17
4322,2,30,36
4323,1,26,32
4324,2,30,32
4325,2,28,26
4326,1,25,25
4327,2,26,33
4328,2,23,33
4329,2,27,34
4330,1,13,34
4331,2,31,29
4332,1,27,25
4333,2,14,16
4334,2,15,16
4335,1,25,33
4336,2,26,28
4337,2,31,35
4338,1,20,33
4339,2,25,25
4340,1,28,33
4341,2,33,34
4342,1,23,30
4343,1,17,13
4344,1,22,27
4345,2,16,18
4346,2,27,33
4347,1,31,33
4348,1,30,28
4349,1,22,35
4350,2,25,31
4351,2,18,22
4352,2,19,13
4353,1,28,26
4354,1,25,29
4355,2,30,30
4356,2,20,32
4357,2,20,24
4358,2,24,34
4359,2,24,32
4360,1,23,30
4361,1,28,35
4362,1,27,26
4363,1,30,35
4364,1,25,30
4365,1,31,28
4366,1,19,25
4367,2,28,34
4368,1,29,26
4369,1,19,33
4370,1,17,26
4371,1,26,27
4372,1,29,26
4373,2,31,35
4374,2,19,29
4375,2,26,22
4376,2,26,36
4377,1,31,34
4378,1,26,34
4379,1,20,30
4380,2,31,22
4381,1,20,25
4382,1,25,17
4383,2,16,15
4384,1,22,29
4385,2,32,29
4386,1,19,27
4387,2,19,15
4388,2,22,28
4389,1,31,31
4390,2,13,33
4391,2,28,32
4392,2,31,28
4393,2,23,35
4394,2,31,29
4395,2,20,33
4396,2,29,35
4397,1,31,35
4398,2,23,26
4399,2,25,8
4400,2,27,30
4401,1,29,29
4402,1,24,26
4403,1,29,12
4404,2,32,18
4405,2,26,35
4406,1,16,25
4407,1,25,29
4408,1,26,29
4409,2,19,25
4410,2,27,36
4411,2,17,29
4412,2,28,33
4413,2,31,25
4414,2,27,32
4415,2,16,33
4416,2,20,27
4417,1,19,11
4418,2,12,14
4419,2,26,27
4420,2,33,30
4421,1,21,29
4422,1,33,8
4423,2,15,10
4424,2,28,30
4425,1,23,30
4426,2,27,33
4427,2,22,27
4428,2,27,30
4429,1,32,32
4430,2,26,33
4431,2,24,25
4432,2,29,24
4433,2,25,19
4434,1,27,35
4435,1,21,27
4436,2,26,35
4437,2,28,33
4438,1,30,25
4439,2,21,31
4440,1,27,16
4441,2,28,31
4442,1,22,25
4443,2,26,25
4444,2,11,16
4445,1,30,32
4446,2,21,31
4447,1,17,20
4448,1,28,33
4449,2,17,25
4450,1,22,20
4451,2,10,18
4452,1,19,33
4453,2,19,32
4454,1,32,35
4455,1,28,23
4456,1,14,34
4457,1,14,17
4458,1,31,21
4459,1,17,10
4460,2,23,33
4461,2,17,35
4462,2,25,30
4463,2,24,28
4464,1,24,24
4465,1,23,30
4466,2,26,35
4467,1,32,34
4468,2,24,29
4469,1,30,27
4470,2,14,19
4471,2,10,12
4472,2,28,34
4473,2,26,31
4474,2,16,25
4475,2,27,29
4476,2,32,35
4477,2,31,29
4478,2,18,36
4479,1,32,24
4480,2,19,35
4481,1,21,30
4482,1,18,33
4483,2,24,32
4484,1,31,28
4485,1,23,36
4486,2,24,20
4487,1,21,28
4488,1,31,20
4489,1,17,20
4490,1,22,30
4491,2,30,32
4492,1,24,27
4493,2,14,10
4494,2,28,33
4495,1,23,23
4496,1,23,21
4497,2,29,35
4498,1,32,26
4499,1,28,31
4500,1,12,34
4501,1,3,17
4502,1,26,12
4503,1,11,16
4504,2,26,33
4505,2,27,34
4506,2,24,31
4507,2,22,24
4508,2,17,15
4509,1,22,35
4510,2,28,17
4511,1,13,21
4512,1,14,27
4513,1,31,36
4514,1,27,27
4515,1,31,30
4516,2,28,21
4517,2,16,31
4518,2,33,33
4519,2,28,20
4520,2,28,34
4521,1,24,32
4522,2,30,31
4523,2,16,13
4524,1,32,27
4525,2,27,23
4526,1,7,23
4527,1,21,30
4528,1,30,32
4529,1,32,27
4530,1,25,30
4531,2,31,34
4532,1,29,33
4533,2,31,32
4534,2,33,31
4535,2,16,26
4536,2,21,33
4537,2,25,20
4538,2,13,23
4539,1,27,27
4540,2,29,34
4541,1,26,16
4542,1,29,28
4543,1,17,17
4544,2,28,32
4545,1,14,31
4546,2,32,28
4547,1,29,36
4548,1,23,23
4549,2,30,28
4550,2,30,34
4551,2,24,15
4552,2,32,32
4553,2,22,27
4554,2,27,22
4555,1,15,29
4556,2,26,29
4557,1,30,21
4558,1,32,34
4559,2,23,26
4560,2,32,34
4561,1,19,28
4562,1,19,32
4563,1,26,29
4564,2,31,13
4565,2,32,18
4566,2,30,22
4567,1,27,23
4568,1,15,27
4569,2,15,27
4570,1,11,31
4571,1,19,25
4572,1,26,32
4573,1,24,24
4574,2,19,28
4575,1,13,18
4576,2,32,32
4577,2,25,21
4578,1,32,36
4579,2,17,34
4580,1,23,30
4581,2,21,28
4582,2,19,15
4583,1,30,23
4584,1,30,32
4585,1,23,35
4586,1,30,24
4587,2,26,33
4588,2,17,36
4589,1,25,25
4590,2,20,28
4591,2,10,32
4592,1,31,31
4593,1,31,21
4594,2,27,6
4595,1,23,34
4596,1,27,31
4597,1,18,28
4598,2,22,31
4599,2,32,29
4600,1,30,33
4601,1,33,32
4602,2,28,22
4603,1,28,33
4604,2,33,28
4605,2,15,25
4606,2,16,22
4607,1,20,34
4608,1,32,26
4609,1,19,24
4610,1,22,32
4611,2,11,10
4612,2,10,11
4613,1,18,19
4614,1,32,30
4615,2,31,29
4616,1,24,31
4617,1,31,34
4618,1,28,33
4619,1,21,32
4620,1,14,28
4621,1,32,20
4622,2,17,25
4623,2,30,29
4624,1,25,28
4625,1,32,32
4626,2,25,35
4627,2,32,34
4628,1,17,28
4629,1,31,35
4630,2,12,33
4631,1,20,30
4632,2,21,30
4633,1,24,31
4634,1,32,28
4635,2,24,19
4636,2,31,33
4637,2,33,31
4638,2,15,22
4639,2,24,33
4640,1,16,23
4641,1,10,35
4642,1,23,25
4643,1,9,35
4644,2,30,33
4645,2,14,22
4646,2,22,15
4647,2,27,26
4648,1,25,23
4649,2,29,23
4650,1,31,33
4651,2,8,19
4652,2,26,26
4653,2,22,19
4654,1,33,28
4655,2,32,22
4656,1,32,25
4657,1,24,19
4658,1,29,33
4659,2,31,10
4660,2,23,34
4661,2,25,35
4662,1,32,33
4663,2,24,34
4664,2,23,34
4665,1,33,13
4666,2,29,35
4667,2,17,9
4668,2,26,35
4669,1,27,26
4670,2,30,36
4671,2,25,30
4672,1,32,32
4673,1,21,33
4674,1,31,36
4675,1,20,35
4676,2,20,20
4677,2,29,34
4678,2,28,31
4679,1,5,15
4680,2,11,20
4681,1,24,15
4682,1,31,32
4683,1,27,33
4684,1,26,34
4685,2,28,18
4686,2,28,26
4687,1,31,28
4688,2,22,23
4689,1,33,20
4690,2,17,4
4691,1,19,22
4692,1,19,23
4693,2,32,33
4694,2,21,22
4695,1,30,33
4696,2,28,26
4697,2,20,26
4698,1,20,31
4699,2,32,34
4700,1,27,36
4701,2,33,34
4702,2,29,24
4703,2,27,12
4704,1,29,16
4705,2,31,33
4706,2,30,30
4707,1,14,10
4708,2,24,34
4709,1,31,32
4710,2,14,25
4711,2,29,34
4712,2,20,29
4713,1,26,26
4714,1,26,27
4715,2,18,35
4716,2,21,35
4717,2,11,26
4718,2,32,17
4719,1,26,14
4720,1,23,36
4721,1,25,30
4722,1,28,30
4723,1,29,28
4724,1,16,13
4725,2,30,31
4726,1,26,24
4727,2,22,26
4728,2,29,25
4729,2,2,21
4730,2,28,32
4731,2,26,25
4732,1,32,33
4733,1,31,22
4734,1,23,28
4735,2,31,20
4736,2,17,36
4737,1,24,29
4738,1,28,31
4739,2,14,13
4740,2,29,36
4741,1,16,26
4742,2,22,34
4743,1,21,26
4744,2,29,33
4745,1,20,17
4746,2,23,12
4747,2,23,28
4748,2,22,17
4749,2,29,25
4750,1,21,25
4751,1,32,31
4752,1,33,35
4753,2,20,32
4754,1,16,12
4755,2,12,14
4756,1,24,35
4757,1,25,36
4758,1,19,19
4759,1,30,34
4760,2,17,18
4761,2,22,32
4762,1,24,24
4763,2,10,24
4764,2,22,27
4765,2,25,34
4766,1,19,25
4767,1,20,17
4768,2,23,10
4769,2,27,31
4770,2,15,1
4771,1,32,36
4772,2,31,35
4773,1,9,34
4774,2,30,31
4775,1,24,36
4776,1,32,35
4777,2,24,35
4778,2,11,32
4779,1,29,35
4780,2,26,18
4781,1,30,27
4782,1,25,32
4783,1,23,35
4784,1,17,22
4785,1,33,35
4786,2,24,34
4787,2,24,31
4788,2,15,35
4789,2,24,27
4790,2,30,29
4791,1,23,34
4792,2,32,36
4793,2,26,25
4794,2,26,33
4795,2,31,35
4796,2,23,19
4797,1,32,34
4798,1,28,36
4799,2,30,26
4800,2,29,32
4801,2,28,19
4802,1,9,24
4803,1,22,30
4804,2,23,23
4805,1,30,30
4806,1,6,28
4807,2,32,32
4808,1,29,22
4809,1,26,33
4810,2,25,31
4811,1,29,21
4812,1,23,13
4813,2,30,20
4814,2,16,35
4815,2,22,20
4816,1,12,20
4817,1,33,33
4818,2,26,29
4819,2,29,32
4820,2,25,19
4821,1,32,34
4822,2,31,17
4823,2,3,22
4824,1,14,29
4825,1,26,31
4826,2,17,28
4827,2,22,23
4828,2,29,23
4829,2,31,30
4830,2,26,29
4831,1,26,24
4832,1,14,8
4833,2,1,27
4834,2,31,35
4835,1,21,28
4836,1,8,20
4837,2,32,28
4838,2,25,24
4839,1,26,35
4840,2,25,19
4841,1,32,19
4842,2,17,5
4843,1,27,31
4844,1,27,29
4845,1,5,10
4846,2,33,34
4847,1,21,30
4848,2,27,29
4849,2,21,19
4850,2,27,28
4851,2,27,28
4852,2,29,27
4853,1,20,26
4854,1,31,36
4855,1,22,34
4856,2,18,31
4857,1,20,26
4858,1,16,25
4859,2,28,32
4860,2,20,26
4861,2,30,32
4862,1,33,23
4863,2,27,27
4864,2,21,22
4865,1,18,34
4866,2,9,25
4867,2,11,21
4868,1,33,24
4869,1,25,21
4870,2,22,32
4871,2,30,31
4872,2,33,29
4873,2,27,35
4874,2,33,31
4875,2,28,31
4876,1,2,27
4877,1,24,35
4878,1,26,26
4879,2,24,28
4880,1,15,31
4881,1,25,34
4882,2,29,35
4883,2,32,18
4884,1,31,34
4885,1,14,25
4886,1,26,31
4887,2,32,31
4888,1,22,34
4889,1,20,23
4890,1,29,34
4891,2,32,30
4892,2,2,27
4893,2,32,9
4894,2,33,33
4895,1,26,35
4896,1,27,20
4897,2,26,31
4898,2,17,32
4899,1,14,14
4900,2,21,21
4901,2,15,23
4902,1,23,29
4903,1,17,21
4904,2,18,21
4905,2,31,35
4906,1,28,31
4907,2,12,26
4908,1,21,24
4909,1,29,31
4910,1,33,22
4911,2,33,34
4912,1,29,36
4913,1,9,21
4914,2,26,26
4915,1,10,21
4916,2,23,29
4917,2,20,29
4918,1,9,17
4919,2,27,27
4920,2,33,15
4921,2,10,32
4922,1,15,15
4923,2,29,30
4924,2,24,29
4925,1,31,34
4926,1,32,33
4927,1,23,10
4928,1,7,15
4929,2,21,28
4930,1,30,35
4931,2,30,20
4932,2,32,25
4933,1,30,29
4934,1,25,31
4935,1,24,34
4936,1,27,29
4937,2,23,32
4938,2,20,34
4939,2,32,28
4940,1,9,30
4941,2,25,34
4942,2,15,32
4943,2,26,13
4944,1,13,30
4945,1,32,35
4946,1,33,35
4947,2,19,20
4948,1,29,34
4949,2,33,33
4950,2,15,34
4951,2,30,24
4952,2,32,23
4953,2,16,17
4954,1,30,18
4955,2,30,33
4956,2,31,33
4957,1,24,35
4958,1,16,23
4959,2,15,29
4960,2,22,15
4961,1,24,25
4962,2,20,34
4963,2,29,35
4964,1,28,26
4965,2,28,28
4966,2,22,30
4967,1,31,32
4968,2,14,27
4969,2,24,32
4970,2,32,33
4971,1,30,27
4972,2,28,27
4973,1,7,15
4974,1,32,31
4975,1,19,26
4976,2,20,11
4977,1,31,34
4978,1,31,27
4979,2,19,34
4980,1,18,26
4981,1,28,33
4982,1,22,23
4983,2,26,32
4984,1,28,20
4985,1,29,32
4986,2,22,21
4987,1,27,31
4988,1,28,18
4989,2,20,24
4990,1,32,34
4991,2,29,25
4992,1,31,30
4993,2,27,30
4994,2,33,29
4995,2,30,36
4996,2,16,29
4997,1,19,35
4998,1,18,28
4999,1,29,26
5000,2,29,29
5001,2,10,26
5002,1,27,27
5003,1,24,28
5004,2,11,25
5005,2,11,19
5006,1,25,18
5007,1,24,17
5008,2,29,28
5009,2,21,23
5010,1,24,23
5011,2,31,30
5012,2,26,36
5013,1,33,34
5014,2,21,25
5015,1,16,11
5016,1,28,29
5017,2,23,26
5018,1,18,20
5019,2,33,31
5020,1,31,36
5021,2,20,16
5022,2,30,36
5023,2,27,33
5024,1,31,31
5025,2,27,27
5026,1,25,24
5027,2,25,34
5028,2,23,32
5029,2,27,35
5030,2,13,34
5031,2,31,28
5032,1,28,25
5033,2,15,16
5034,1,16,15
5035,1,25,33
5036,1,26,28
5037,1,32,36
5038,2,19,34
5039,1,25,26
5040,2,28,32
5041,1,32,34
5042,1,24,29
5043,1,16,13
5044,1,21,27
5045,2,17,18
5046,1,28,32
5047,1,31,33
5048,1,30,28
5049,2,22,34
5050,2,24,32
5051,1,17,22
5052,2,19,13
5053,1,29,26
5054,1,25,29
5055,1,29,31
5056,1,19,32
5057,2,21,25
5058,2,23,34
5059,2,24,32
5060,1,24,31
5061,2,29,35
5062,1,27,26
5063,1,31,35
5064,1,25,30
5065,2,31,27
5066,2,19,24
5067,1,28,34
5068,2,29,26
5069,2,18,32
5070,1,16,27
5071,1,26,27
5072,1,29,26
5073,2,32,36
5074,2,18,28
5075,1,26,21
5076,2,27,36
5077,1,32,35
5078,1,26,33
5079,2,19,30
5080,1,31,22
5081,2,20,26
5082,2,25,17
5083,1,16,14
5084,1,22,29
5085,1,32,29
5086,2,19,26
5087,1,18,14
5088,1,22,28
5089,2,31,31
5090,2,14,33
5091,2,29,32
5092,1,31,27
5093,2,23,36
5094,1,31,29
5095,1,19,33
5096,2,28,36
5097,2,31,36
5098,2,23,26
5099,1,25,8
5100,2,26,29
5101,1,29,28
5102,2,25,25
5103,2,29,12
5104,2,33,18
5105,2,26,35
5106,2,16,24
5107,1,25,30
5108,2,26,29
5109,1,19,25
5110,1,26,36
5111,1,16,30
5112,2,27,33
5113,1,32,25
5114,1,27,32
5115,2,17,33
5116,2,21,27
5117,1,19,10
5118,1,11,13
5119,2,26,27
5120,1,32,30
5121,2,22,29
5122,1,33,9
5123,1,15,9
5124,1,27,29
5125,2,24,30
5126,1,28,33
5127,2,22,27
5128,1,27,30
5129,2,32,33
5130,2,25,32
5131,1,24,26
5132,2,29,25
5133,2,24,19
5134,1,27,35
5135,1,21,26
5136,2,25,36
5137,1,29,33
5138,1,31,25
5139,1,21,32
5140,1,27,17
5141,2,29,32
5142,2,23,25
5143,1,26,25
5144,2,11,15
5145,1,30,31
5146,2,21,32
5147,2,18,19
5148,1,28,32
5149,2,18,25
5150,2,23,20
5151,1,11,18
5152,2,19,32
5153,2,19,32
5154,2,31,34
5155,1,28,23
5156,1,13,34
5157,1,15,16
5158,2,31,21
5159,2,17,10
5160,2,22,34
5161,2,17,35
5162,2,25,29
5163,1,24,28
5164,2,24,24
5165,2,23,30
5166,2,26,36
5167,2,33,35
5168,2,24,28
5169,2,31,26
5170,1,14,20
5171,1,11,13
5172,1,28,35
5173,2,26,31
5174,2,16,26
5175,1,27,29
5176,1,32,35
5177,2,31,30
5178,2,18,36
5179,1,33,24
5180,1,20,35
5181,2,21,30
5182,2,18,33
5183,2,25,33
5184,1,31,29
5185,1,24,35
5186,1,23,19
5187,1,21,29
5188,1,30,20
5189,2,16,21
5190,2,21,30
5191,1,30,32
5192,1,24,28
5193,1,13,11
5194,1,28,33
5195,1,23,24
5196,1,22,22
5197,1,29,35
5198,2,32,26
5199,1,28,30
5200,2,12,34
5201,2,4,18
5202,1,27,11
5203,2,10,16
5204,1,27,34
5205,2,28,34
5206,2,24,31
5207,1,21,24
5208,1,17,15
5209,1,22,34
5210,1,29,17
5211,2,13,21
5212,2,15,28
5213,1,30,35
5214,2,27,27
5215,2,31,29
5216,1,28,20
5217,2,16,32
5218,2,33,33
5219,2,28,20
5220,1,29,34
5221,1,25,31
5222,1,29,32
5223,1,16,14
5224,1,32,28
5225,2,27,23
5226,2,8,24
5227,1,20,30
5228,1,31,31
5229,2,32,28
5230,2,24,30
5231,1,31,35
5232,2,29,33
5233,1,31,31
5234,2,32,30
5235,1,17,26
5236,2,21,34
5237,1,25,20
5238,1,13,23
5239,1,27,28
5240,1,29,33
5241,2,26,17
5242,2,28,27
5243,1,17,16
5244,1,27,33
5245,2,15,31
5246,2,33,28
5247,1,30,35
5248,2,22,23
5249,1,29,28
5250,1,30,35
5251,2,24,14
5252,2,31,33
5253,2,23,27
5254,1,26,22
5255,2,15,30
5256,2,26,29
5257,2,30,20
5258,2,32,34
5259,2,24,25
5260,2,33,34
5261,2,20,28
5262,1,18,32
5263,1,26,28
5264,1,30,14
5265,2,33,17
5266,1,30,23
5267,1,27,23
5268,2,15,27
5269,1,15,27
5270,2,11,32
5271,1,20,24
5272,2,25,32
5273,2,25,25
5274,1,18,27
5275,1,12,18
5276,2,31,32
5277,1,25,21
5278,1,32,35
5279,2,17,33
5280,1,23,30
5281,2,20,28
5282,2,20,16
5283,1,31,24
5284,1,29,32
5285,1,24,35
5286,2,29,25
5287,1,25,32
5288,2,17,35
5289,1,26,26
5290,1,19,28
5291,1,11,32
5292,1,31,30
5293,2,30,22
5294,2,28,6
5295,2,23,34
5296,1,27,30
5297,1,18,28
5298,1,22,31
5299,2,33,29
5300,2,30,34
5301,1,33,31
5302,1,29,23
5303,2,27,33
5304,1,32,28
5305,1,15,25
5306,2,17,22
5307,1,20,34
5308,2,32,26
5309,2,19,24
5310,2,22,32
5311,2,12,10
5312,2,11,11
5313,2,19,18
5314,1,33,30
5315,2,32,29
5316,1,25,32
5317,1,32,34
5318,1,28,33
5319,1,22,31
5320,1,14,28
5321,1,31,21
5322,2,17,25
5323,1,30,29
5324,2,25,29
5325,2,33,31
5326,1,25,36
5327,1,33,34
5328,2,17,29
5329,2,31,34
5330,1,11,33
5331,2,21,30
5332,2,22,30
5333,1,24,32
5334,1,33,27
5335,1,23,19
5336,2,32,34
5337,2,32,30
5338,2,14,22
5339,2,25,33
5340,1,17,23
5341,2,11,34
5342,1,23,25
5343,2,9,34
5344,1,30,32
5345,2,15,22
5346,1,21,16
5347,1,28,26
5348,2,25,24
5349,1,29,22
5350,2,31,34
5351,2,7,19
5352,1,26,26
5353,2,22,19
5354,2,32,27
5355,1,32,22
5356,2,33,24
5357,1,23,20
5358,2,29,33
5359,1,31,10
5360,2,22,33
5361,2,24,36
5362,2,33,33
5363,2,23,33
5364,2,24,34
5365,1,32,12
5366,2,28,35
5367,1,16,9
5368,2,27,35
5369,2,27,26
5370,2,30,35
5371,2,25,30
5372,2,32,32
5373,1,21,32
5374,2,31,36
5375,2,20,35
5376,1,21,20
5377,2,30,34
5378,1,28,31
5379,2,6,14
5380,1,11,20
5381,2,24,15
5382,2,31,32
5383,2,28,33
5384,2,26,33
5385,2,28,18
5386,1,29,25
5387,2,31,28
5388,2,22,22
5389,2,32,19
5390,1,17,4
5391,1,20,22
5392,2,20,22
5393,2,33,34
5394,2,21,22
5395,1,30,34
5396,2,28,27
5397,2,20,27
5398,2,20,31
5399,1,33,33
5400,1,26,35
5401,1,32,34
5402,2,30,25
5403,1,27,12
5404,2,29,16
5405,1,31,32
5406,2,31,31
5407,2,13,10
5408,2,24,33
5409,2,32,31
5410,2,13,25
5411,1,30,34
5412,1,19,29
5413,2,26,27
5414,2,26,26
5415,1,19,34
5416,1,21,34
5417,1,11,26
5418,2,32,16
5419,2,26,14
5420,1,24,35
5421,2,26,31
5422,2,27,30
5423,2,29,29
5424,1,15,14
5425,2,30,30
5426,1,27,24
5427,1,23,27
5428,1,29,25
5429,2,1,22
5430,1,28,32
5431,2,27,25
5432,2,31,33
5433,2,30,23
5434,1,24,28
5435,1,31,20
5436,2,18,35
5437,2,24,28
5438,2,27,30
5439,1,14,13
5440,1,29,35
5441,1,17,27
5442,1,22,34
5443,2,20,26
5444,1,29,33
5445,2,20,17
5446,1,23,11
5447,1,23,28
5448,2,23,17
5449,1,29,25
5450,2,21,24
5451,1,33,31
5452,1,32,35
5453,2,21,33
5454,2,15,12
5455,2,12,15
5456,1,24,35
5457,1,26,35
5458,1,20,19
5459,2,30,33
5460,1,17,18
5461,2,22,32
5462,2,23,24
5463,2,9,25
5464,2,21,28
5465,2,26,33
5466,1,19,26
5467,2,20,18
5468,2,23,9
5469,2,27,31
5470,1,15,1
5471,2,32,36
5472,1,31,36
5473,2,10,33
5474,1,30,30
5475,2,24,36
5476,2,32,35
5477,1,24,35
5478,2,11,32
5479,1,29,34
5480,1,27,19
5481,1,31,27
5482,1,25,32
5483,1,24,35
5484,2,16,21
5485,1,32,34
5486,1,23,33
5487,2,25,32
5488,2,16,36
5489,1,24,28
5490,1,29,30
5491,1,22,35
5492,2,32,36
5493,2,25,25
5494,1,26,34
5495,2,30,36
5496,2,23,19
5497,1,32,34
5498,1,27,35
5499,2,31,25
5500,1,30,31
5501,2,28,19
5502,2,8,24
5503,1,22,30
5504,2,23,22
5505,1,30,31
5506,2,5,27
5507,2,32,32
5508,1,29,21
5509,1,25,34
5510,1,26,32
5511,1,28,21
5512,1,23,13
5513,2,30,20
5514,2,15,35
5515,1,23,21
5516,2,13,20
5517,1,32,32
5518,1,26,29
5519,2,29,32
5520,2,25,19
5521,1,32,35
5522,1,30,17
5523,1,2,21
5524,2,15,28
5525,1,26,31
5526,2,18,28
5527,2,22,23
5528,1,29,22
5529,2,30,30
5530,1,27,30
5531,2,25,24
5532,1,14,8
5533,2,1,26
5534,1,32,36
5535,2,21,27
5536,1,8,20
5537,1,33,28
5538,2,26,25
5539,2,27,34
5540,2,25,18
5541,1,32,19
5542,2,16,5
5543,1,26,31
5544,2,28,30
5545,2,4,10
5546,1,32,34
5547,2,21,29
5548,2,27,30
5549,1,22,18
5550,2,28,29
5551,1,27,29
5552,1,28,26
5553,1,20,26
5554,2,31,36
5555,1,22,34
5556,2,17,31
5557,1,20,26
5558,2,16,25
5559,2,29,32
5560,2,20,26
5561,1,31,33
5562,1,32,23
5563,1,26,28
5564,2,21,22
5565,1,18,34
5566,1,9,25
5567,2,11,21
5568,2,32,23
5569,2,26,21
5570,1,22,32
5571,1,30,32
5572,2,32,29
5573,1,27,34
5574,1,33,31
5575,2,29,32
5576,2,3,28
5577,2,25,34
5578,2,26,26
5579,2,23,27
5580,2,15,32
5581,1,25,34
5582,2,28,35
5583,1,31,18
5584,1,32,35
5585,1,14,25
5586,1,25,30
5587,1,32,32
5588,2,22,34
5589,1,21,24
5590,1,28,33
5591,1,32,30
5592,1,1,27
5593,1,32,9
5594,2,32,34
5595,2,27,34
5596,2,27,21
5597,2,27,32
5598,1,18,32
5599,1,14,14
5600,1,20,21
5601,1,15,23
5602,2,23,30
5603,1,17,22
5604,1,17,22
5605,1,30,36
5606,1,28,30
5607,1,13,27
5608,2,21,25
5609,1,30,31
5610,2,32,23
5611,2,32,34
5612,1,28,35
5613,1,9,21
5614,2,27,26
5615,2,10,21
5616,1,23,29
5617,1,19,30
5618,1,9,16
5619,1,27,27
5620,2,33,15
5621,2,10,32
5622,1,15,15
5623,1,30,29
5624,1,25,29
5625,2,32,33
5626,2,32,33
5627,2,23,9
5628,1,8,14
5629,2,20,27
5630,2,31,34
5631,2,30,20
5632,2,31,25
5633,2,30,29
5634,1,25,32
5635,1,25,34
5636,1,26,28
5637,2,22,31
5638,2,20,35
5639,1,32,27
5640,2,9,31
5641,2,25,34
5642,2,15,32
5643,2,25,12
5644,2,14,30
5645,1,33,35
5646,2,33,35
5647,2,19,20
5648,1,29,33
5649,2,32,33
5650,1,15,34
5651,2,31,25
5652,1,31,23
5653,1,17,17
5654,2,30,17
5655,1,29,33
5656,2,32,32
5657,2,23,35
5658,1,16,22
5659,2,14,30
5660,2,22,16
5661,2,23,26
5662,1,19,35
5663,2,28,35
5664,1,28,27
5665,1,27,28
5666,1,21,29
5667,1,31,32
5668,2,13,27
5669,2,24,33
5670,2,31,34
5671,2,29,28
5672,2,28,26
5673,1,6,14
5674,1,31,30
5675,1,19,25
5676,1,20,10
5677,1,30,34
5678,2,32,27
5679,1,19,33
5680,2,18,26
5681,2,29,33
5682,2,21,23
5683,1,25,33
5684,2,29,20
5685,2,28,32
5686,2,23,21
5687,1,27,31
5688,2,28,18
5689,2,20,24
5690,2,33,34
5691,2,29,26
5692,2,32,29
5693,2,27,30
5694,1,33,30
5695,1,31,36
5696,2,16,29
5697,1,20,35
5698,2,18,28
5699,2,29,27
5700,1,29,30
5701,2,10,27
5702,2,27,27
5703,2,24,28
5704,1,11,25
5705,2,11,19
5706,1,25,19
5707,1,24,17
5708,1,28,29
5709,2,21,22
5710,1,24,23
5711,1,31,30
5712,2,26,36
5713,1,32,33
5714,1,20,24
5715,1,17,11
5716,1,29,29
5717,2,24,27
5718,1,18,19
5719,2,33,32
5720,2,32,35
5721,1,21,17
5722,1,30,35
5723,1,27,33
5724,2,30,32
5725,2,28,27
5726,1,25,25
5727,2,25,34
5728,2,24,32
5729,2,28,35
5730,2,14,34
5731,1,32,29
5732,2,28,25
5733,1,14,17
5734,2,15,15
5735,1,25,33
5736,2,26,28
5737,2,32,36
5738,2,19,34
5739,1,24,25
5740,1,28,33
5741,2,32,33
5742,1,24,29
5743,2,16,13
5744,1,21,27
5745,2,16,19
5746,2,27,33
5747,1,31,33
5748,1,31,27
5749,1,22,34
5750,1,24,32
5751,2,17,21
5752,2,19,13
5753,1,29,26
5754,1,24,29
5755,1,30,31
5756,2,19,32
5757,1,20,25
5758,2,23,33
5759,2,23,32
5760,2,23,30
5761,1,28,36
5762,2,27,26
5763,1,30,34
5764,2,24,29
5765,2,31,27
5766,2,20,25
5767,1,29,34
5768,1,29,26
5769,1,19,32
5770,2,16,27
5771,1,25,27
5772,2,28,26
5773,2,31,36
5774,1,18,29
5775,1,27,21
5776,2,27,35
5777,2,32,35
5778,2,26,34
5779,2,20,31
5780,1,31,21
5781,2,20,25
5782,2,24,16
5783,2,17,14
5784,2,23,29
5785,1,33,29
5786,1,19,27
5787,2,18,15
5788,1,22,28
5789,2,31,31
5790,1,13,33
5791,2,28,32
5792,1,32,27
5793,2,22,35
5794,2,31,30
5795,1,19,33
5796,1,28,36
5797,1,31,36
5798,2,24,25
5799,2,25,8
5800,1,26,29
5801,1,30,29
5802,2,25,25
5803,1,29,13
5804,1,32,18
5805,1,26,35
5806,1,16,24
5807,1,26,29
5808,1,26,29
5809,1,18,24
5810,1,26,36
5811,2,16,29
5812,2,27,33
5813,2,31,25
5814,2,28,32
5815,2,16,33
5816,2,20,28
5817,2,19,10
5818,1,11,14
5819,2,26,28
5820,1,32,30
5821,1,22,29
5822,2,33,8
5823,2,15,10
5824,2,28,30
5825,2,23,30
5826,1,28,33
5827,2,23,27
5828,1,27,29
5829,1,32,33
5830,1,25,32
5831,1,24,25
5832,1,29,25
5833,2,25,19
5834,1,27,34
5835,2,21,27
5836,2,25,35
5837,1,28,33
5838,1,31,25
5839,2,22,32
5840,1,26,16
5841,2,28,31
5842,2,22,24
5843,2,26,26
5844,1,11,16
5845,2,29,32
5846,2,21,31
5847,2,18,19
5848,2,27,32
5849,1,18,24
5850,1,22,20
5851,1,11,18
5852,2,20,32
5853,2,20,33
5854,2,31,35
5855,2,27,23
5856,1,14,35
5857,1,14,16
5858,1,31,21
5859,1,16,11
5860,1,23,34
5861,2,18,35
5862,2,25,29
5863,2,25,29
5864,2,23,24
5865,2,23,29
5866,2,25,36
5867,1,32,35
5868,2,23,28
5869,1,31,26
5870,1,13,19
5871,2,10,12
5872,1,28,35
5873,2,26,31
5874,1,16,26
5875,2,26,29
5876,1,32,35
5877,2,30,30
5878,1,18,36
5879,2,33,25
5880,1,19,34
5881,1,22,30
5882,1,18,34
5883,2,25,32
5884,2,31,29
5885,1,23,35
5886,1,23,20
5887,2,21,29
5888,1,31,20
5889,1,17,20
5890,2,22,30
5891,1,30,32
5892,1,24,28
5893,2,14,10
5894,1,29,34
5895,2,22,24
5896,2,22,21
5897,1,30,34
5898,1,33,26
5899,2,29,30
5900,1,12,33
5901,2,3,17
5902,1,27,11
5903,1,11,17
5904,1,27,34
5905,1,28,34
5906,1,23,32
5907,2,22,24
5908,2,16,16
5909,2,22,34
5910,2,29,17
5911,1,13,21
5912,2,15,28
5913,1,30,35
5914,2,27,27
5915,2,32,29
5916,1,29,21
5917,2,17,31
5918,1,32,34
5919,1,28,21
5920,1,29,34
5921,1,25,32
5922,1,30,31
5923,1,16,13
5924,2,33,28
5925,2,28,23
5926,1,7,23
5927,1,21,30
5928,2,31,31
5929,2,32,27
5930,1,25,30
5931,2,32,34
5932,1,30,32
5933,1,30,31
5934,2,32,31
5935,2,16,27
5936,2,22,34
5937,1,25,20
5938,1,12,23
5939,2,26,28
5940,1,28,34
5941,2,27,16
5942,2,29,27
5943,2,18,17
5944,1,28,33
5945,2,14,32
5946,2,33,28
5947,1,30,36
5948,2,22,22
5949,2,30,28
5950,1,31,35
5951,2,25,15
5952,2,31,32
5953,1,23,27
5954,2,26,23
5955,1,14,30
5956,2,26,30
5957,2,30,20
5958,1,32,34
5959,2,23,25
5960,2,33,35
5961,1,20,29
5962,2,18,33
5963,1,26,29
5964,2,30,14
5965,1,32,17
5966,1,29,23
5967,2,27,23
5968,2,15,27
5969,1,15,27
5970,1,11,31
5971,1,20,25
5972,2,26,32
5973,2,24,25
5974,2,19,27
5975,1,13,18
5976,1,31,32
5977,1,25,21
5978,2,31,36
5979,1,18,34
5980,2,23,30
5981,1,20,28
5982,2,19,15
5983,2,31,24
5984,1,29,33
5985,2,23,35
5986,2,29,24
5987,2,25,32
5988,2,18,36
5989,1,26,26
5990,1,19,27
5991,2,11,32
5992,1,31,31
5993,1,30,21
5994,1,27,7
5995,1,23,34
5996,1,28,31
5997,2,18,28
5998,2,21,30
5999,1,33,29
6000,2,31,33
6001,2,33,32
6002,2,29,23
6003,1,27,34
6004,2,32,27
6005,1,15,26
6006,2,17,22
6007,1,21,34
6008,1,33,26
6009,1,20,24
6010,2,23,31
6011,2,12,9
6012,1,10,11
6013,2,18,19
6014,1,32,30
6015,1,32,29
6016,2,24,31
6017,1,31,35
6018,1,29,33
6019,2,22,32
6020,1,14,29
6021,1,32,20
6022,1,16,25
6023,1,30,29
6024,1,24,29
6025,2,32,31
6026,2,24,36
6027,2,32,34
6028,1,16,29
6029,1,31,34
6030,2,11,34
6031,2,20,31
6032,2,21,31
6033,1,23,31
6034,2,32,28
6035,2,23,19
6036,1,32,33
6037,2,32,30
6038,2,15,21
6039,1,24,33
6040,1,17,23
6041,1,11,34
6042,2,22,25
6043,2,10,34
6044,1,29,32
6045,1,14,22
6046,1,22,16
6047,2,27,27
6048,1,25,24
6049,1,30,22
6050,1,31,34
6051,2,8,19
6052,1,26,26
6053,1,21,19
6054,2,32,28
6055,2,32,21
6056,1,33,25
6057,1,24,20
6058,1,29,32
6059,2,32,9
6060,1,23,33
6061,1,25,36
6062,1,32,33
6063,1,23,33
6064,2,23,35
6065,2,33,13
6066,2,28,34
6067,1,16,10
6068,2,27,34
6069,2,26,26
6070,2,31,36
6071,2,25,31
6072,2,33,32
6073,1,20,33
6074,1,31,35
6075,2,19,35
6076,2,20,20
6077,1,29,34
6078,2,28,31
6079,2,6,15
6080,2,11,20
6081,1,24,16
6082,2,31,33
6083,2,28,33
6084,2,26,33
6085,1,28,18
6086,2,28,26
6087,2,30,27
6088,2,22,23
6089,1,33,20
6090,1,17,5
6091,1,19,22
6092,2,19,23
6093,1,32,34
6094,1,21,21
6095,2,30,34
6096,1,29,26
6097,2,20,27
6098,1,21,31
6099,1,33,34
6100,2,26,35
6101,2,32,34
6102,1,30,24
6103,1,26,12
6104,1,30,17
6105,1,32,33
6106,1,31,31
6107,2,14,10
6108,2,23,33
6109,1,31,31
6110,1,14,24
6111,2,29,34
6112,1,19,28
6113,1,27,26
6114,1,26,27
6115,2,18,35
6116,1,21,35
6117,1,11,27
6118,2,33,17
6119,2,26,14
6120,2,24,36
6121,1,25,30
6122,2,28,29
6123,2,29,28
6124,2,15,14
6125,1,30,30
6126,1,27,23
6127,2,23,26
6128,1,30,26
6129,1,1,21
6130,1,28,32
6131,1,26,26
6132,1,31,32
6133,1,31,23
6134,1,24,27
6135,1,31,19
6136,1,17,36
6137,1,24,28
6138,2,27,31
6139,1,14,13
6140,1,30,36
6141,2,17,27
6142,1,23,33
6143,1,20,26
6144,2,29,33
6145,2,20,17
6146,1,22,12
6147,2,23,27
6148,2,23,17
6149,1,29,24
6150,1,21,24
6151,1,32,31
6152,2,32,34
6153,2,20,33
6154,2,16,13
6155,1,11,14
6156,1,24,35
6157,1,25,35
6158,2,19,19
6159,2,30,33
6160,1,18,18
6161,1,22,31
6162,1,24,24
6163,1,10,25
6164,1,21,27
6165,2,26,33
6166,2,18,25
6167,1,20,17
6168,1,23,9
6169,2,27,32
6170,2,15,2
6171,1,32,36
6172,1,31,35
6173,1,10,34
6174,1,29,31
6175,2,24,35
6176,1,32,36
6177,2,25,35
6178,2,10,32
6179,2,30,34
6180,1,27,18
6181,2,30,27
6182,1,24,32
6183,1,24,34
6184,1,17,21
6185,1,32,34
6186,1,24,33
6187,1,25,31
6188,2,16,36
6189,2,24,27
6190,2,29,30
6191,1,22,34
6192,1,32,35
6193,1,25,26
6194,1,25,34
6195,1,31,35
6196,1,23,20
6197,1,31,35
6198,2,27,35
6199,1,31,26
6200,1,29,32
6201,1,29,19
6202,1,9,23
6203,2,21,31
6204,1,24,23
6205,2,30,31
6206,1,6,27
6207,1,32,33
6208,2,29,22
6209,2,25,34
6210,2,26,31
6211,1,29,22
6212,1,23,13
6213,2,29,20
6214,1,16,35
6215,1,23,21
6216,2,12,21
6217,1,32,32
6218,2,27,29
6219,2,29,32
6220,1,26,19
6221,1,32,35
6222,2,31,16
6223,1,2,21
6224,1,15,28
6225,1,27,32
6226,2,18,28
6227,2,22,23
6228,1,30,23
6229,1,31,30
6230,2,26,30
6231,1,26,24
6232,1,14,9
6233,2,1,27
6234,1,31,35
6235,1,20,27
6236,2,8,21
6237,1,32,28
6238,1,25,25
6239,1,27,34
6240,2,25,18
6241,1,31,20
6242,2,16,4
6243,1,26,31
6244,2,28,29
6245,2,4,10
6246,1,33,34
6247,2,22,30
6248,1,26,30
6249,1,21,18
6250,1,28,29
6251,1,27,29
6252,1,28,26
6253,2,20,26
6254,2,31,36
6255,2,21,34
6256,1,18,31
6257,1,20,26
6258,2,16,25
6259,2,28,31
6260,1,21,27
6261,2,31,33
6262,1,32,23
6263,2,26,27
6264,1,22,23
6265,2,17,35
6266,1,8,25
6267,1,12,22
6268,2,32,24
6269,2,25,22
6270,1,22,31
6271,2,30,31
6272,1,32,29
6273,2,26,34
6274,1,32,30
6275,1,29,32
6276,2,2,28
6277,2,25,35
6278,1,27,27
6279,2,24,27
6280,1,15,31
6281,1,26,33
6282,1,28,35
6283,2,31,18
6284,2,32,35
6285,2,14,26
6286,1,26,30
6287,2,31,31
6288,2,23,34
6289,1,20,23
6290,2,28,34
6291,2,33,30
6292,1,2,27
6293,1,32,9
6294,2,33,34
6295,2,27,35
6296,1,26,20
6297,1,26,31
6298,2,17,33
6299,2,13,13
6300,2,21,22
6301,2,15,23
6302,2,22,29
6303,1,17,22
6304,1,17,22
6305,2,31,36
6306,1,28,31
6307,1,13,26
6308,2,20,25
6309,1,30,31
6310,2,32,23
6311,1,32,34
6312,2,28,35
6313,1,8,21
6314,2,27,26
6315,2,10,20
6316,2,24,30
6317,2,20,30
6318,1,9,16
6319,1,26,27
6320,1,33,15
6321,2,11,33
6322,1,16,15
6323,1,30,29
6324,2,25,29
6325,1,32,34
6326,2,33,34
6327,1,24,10
6328,2,8,15
6329,2,20,28
6330,1,30,35
6331,2,29,20
6332,1,31,25
6333,2,30,29
6334,1,25,32
6335,1,25,35
6336,1,27,28
6337,1,23,31
6338,2,20,34
6339,2,32,27
6340,2,10,30
6341,2,26,34
6342,1,15,33
6343,1,25,13
6344,2,13,30
6345,2,32,35
6346,2,33,34
6347,2,20,21
6348,1,29,33
6349,1,32,33
6350,2,14,33
6351,1,31,25
6352,2,32,23
6353,2,17,17
6354,2,29,17
6355,1,30,33
6356,1,31,32
6357,1,24,35
6358,1,17,23
6359,2,15,30
6360,2,22,15
6361,2,24,25
6362,2,19,34
6363,2,29,35
6364,1,29,26
6365,2,27,29
6366,2,22,29
6367,2,30,32
6368,2,13,28
6369,1,24,33
6370,1,32,34
6371,1,30,27
6372,1,27,26
6373,1,7,15
6374,1,31,30
6375,2,19,25
6376,1,20,11
6377,1,30,34
6378,2,31,27
6379,1,19,33
6380,2,17,26
6381,1,28,32
6382,2,21,24
6383,2,26,32
6384,2,29,19
6385,2,29,33
6386,2,22,21
6387,1,28,31
6388,1,27,19
6389,1,20,24
6390,1,32,35
6391,1,29,25
6392,2,31,30
6393,1,28,31
6394,1,33,29
6395,1,31,36
6396,2,15,30
6397,2,19,35
6398,1,18,28
6399,2,29,26
6400,1,28,30
6401,1,10,26
6402,2,26,27
6403,2,25,28
6404,1,11,25
6405,1,11,18
6406,2,24,18
6407,2,23,18
6408,1,28,28
6409,1,20,23
6410,1,24,23
6411,2,30,31
6412,2,27,36
6413,1,33,34
6414,1,20,25
6415,1,17,11
6416,1,29,29
6417,2,24,26
6418,2,17,20
6419,1,33,31
6420,1,31,36
6421,1,20,16
6422,2,30,36
6423,2,26,33
6424,1,30,32
6425,2,27,26
6426,2,26,24
6427,1,25,34
6428,2,24,32
6429,1,27,35
6430,1,13,34
6431,1,32,29
6432,2,28,25
6433,1,14,16
6434,1,15,16
6435,1,25,34
6436,1,26,28
6437,2,31,35
6438,1,19,33
6439,1,24,25
6440,1,29,32
6441,2,33,34
6442,2,24,29
6443,2,17,13
6444,2,22,27
6445,1,17,18
6446,1,28,32
6447,1,32,33
6448,1,31,27
6449,1,21,34
6450,2,24,31
6451,1,18,22
6452,1,20,13
6453,1,28,25
6454,1,25,29
6455,2,29,30
6456,1,20,32
6457,1,20,25
6458,1,24,34
6459,1,24,32
6460,2,23,30
6461,1,29,36
6462,1,27,26
6463,2,31,35
6464,2,24,30
6465,2,32,28
6466,2,20,24
6467,1,28,33
6468,2,28,26
6469,2,18,33
6470,2,17,26
6471,1,25,26
6472,1,29,26
6473,2,32,36
6474,2,18,28
6475,1,26,21
6476,1,27,36
6477,1,31,35
6478,1,25,34
6479,1,20,30
6480,1,31,22
6481,1,20,25
6482,2,24,17
6483,1,17,15
6484,2,23,30
6485,2,33,29
6486,2,20,26
6487,2,18,14
6488,2,21,27
6489,1,32,31
6490,1,13,34
6491,1,29,32
6492,1,31,28
6493,2,23,36
6494,2,31,29
6495,1,20,34
6496,1,28,35
6497,2,31,36
6498,2,24,26
6499,1,25,9
6500,2,26,29
6501,1,30,29
6502,2,24,25
6503,2,29,12
6504,2,32,19
6505,2,25,35
6506,1,15,25
6507,1,25,30
6508,1,26,29
6509,2,18,24
6510,2,26,36
6511,2,17,30
6512,2,27,33
6513,1,32,25
6514,1,27,32
6515,1,17,32
6516,1,21,28
6517,2,19,11
6518,2,12,14
6519,1,26,27
6520,1,32,29
6521,1,21,29
6522,2,33,8
6523,2,15,10
6524,1,27,30
6525,2,24,31
6526,2,28,34
6527,2,23,27
6528,1,27,29
6529,2,33,33
6530,1,26,32
6531,1,23,26
6532,2,29,25
6533,1,24,19
6534,2,27,34
6535,2,22,27
6536,2,26,36
6537,1,28,33
6538,2,31,24
6539,2,22,32
6540,2,27,17
6541,2,29,32
6542,1,23,25
6543,2,26,26
6544,1,11,15
6545,1,30,32
6546,1,20,31
6547,2,18,20
6548,1,27,32
6549,2,18,25
6550,2,22,19
6551,1,11,18
6552,2,20,32
6553,2,20,32
6554,2,32,35
6555,1,28,22
6556,2,14,35
6557,2,14,16
6558,1,30,21
6559,1,16,10
6560,2,23,33
6561,1,18,34
6562,2,25,30
6563,2,24,29
6564,2,24,25
6565,1,24,30
6566,1,26,36
6567,1,33,35
6568,2,24,29
6569,2,30,27
6570,2,14,19
6571,1,11,13
6572,1,28,35
6573,2,26,31
6574,1,17,26
6575,2,26,28
6576,2,31,35
6577,2,31,30
6578,1,19,35
6579,1,32,25
6580,1,19,34
6581,2,21,29
6582,1,17,34
6583,2,25,32
6584,2,31,29
6585,1,23,35
6586,2,23,20
6587,2,22,28
6588,1,30,19
6589,2,16,20
6590,2,22,31
6591,1,30,31
6592,1,23,27
6593,1,14,11
6594,2,28,34
6595,1,23,23
6596,1,22,21
6597,1,29,35
6598,1,32,25
6599,2,29,30
6600,2,13,34
6601,2,4,18
6602,1,26,11
6603,2,11,17
6604,1,27,33
6605,2,27,34
6606,1,23,31
6607,2,21,24
6608,2,17,16
6609,2,23,34
6610,2,28,16
6611,2,14,20
6612,2,14,27
6613,1,30,36
6614,1,26,26
6615,1,32,30
6616,1,28,20
6617,2,16,31
6618,1,33,34
6619,1,28,20
6620,2,29,35
6621,2,24,32
6622,2,30,32
6623,1,17,14
6624,1,32,27
6625,1,28,23
6626,1,7,24
6627,1,21,30
6628,1,31,32
6629,1,32,28
6630,1,25,30
6631,2,31,34
6632,2,30,33
6633,1,31,32
6634,2,33,31
6635,1,16,27
6636,1,21,33
6637,1,26,19
6638,2,12,24
6639,1,27,27
6640,1,28,33
6641,2,27,17
6642,1,28,28
6643,2,18,17
6644,2,28,33
6645,1,15,32
6646,2,33,27
6647,1,30,36
6648,2,22,23
6649,1,30,28
6650,2,30,35
6651,1,25,15
6652,2,31,32
6653,2,22,27
6654,1,26,23
6655,2,15,29
6656,1,25,30
6657,1,30,20
6658,2,33,33
6659,2,23,26
6660,1,33,34
6661,1,20,28
6662,2,19,33
6663,1,27,29
6664,2,31,14
6665,2,33,18
6666,1,30,23
6667,1,28,24
6668,2,14,27
6669,1,14,27
6670,1,10,32
6671,2,20,24
6672,2,25,31
6673,1,25,24
6674,1,18,28
6675,2,12,19
6676,2,31,31
6677,1,25,21
6678,1,31,35
6679,2,18,34
6680,1,23,29
6681,2,20,29
6682,1,20,16
6683,2,30,24
6684,1,30,33
6685,2,23,36
6686,2,30,25
6687,2,25,33
6688,1,17,35
6689,2,25,26
6690,2,19,28
6691,2,11,32
6692,2,30,31
6693,1,31,22
6694,1,28,6
6695,2,23,34
6696,2,27,31
6697,1,19,27
6698,1,21,30
6699,2,33,28
6700,2,31,33
6701,1,33,31
6702,2,28,23
6703,1,28,34
6704,2,32,27
6705,2,14,25
6706,2,17,22
6707,2,21,34
6708,2,32,26
6709,2,19,23
6710,2,23,31
6711,1,12,9
6712,2,11,11
6713,1,18,19
6714,1,33,29
6715,1,31,29
6716,1,25,32
6717,2,32,34
6718,1,28,33
6719,2,21,32
6720,1,13,29
6721,2,32,20
6722,2,17,26
6723,1,29,29
6724,2,24,29
6725,2,33,31
6726,1,24,36
6727,2,32,34
6728,1,17,29
6729,2,30,34
6730,2,12,34
6731,2,21,31
6732,2,21,30
6733,1,23,32
6734,1,32,28
6735,2,24,20
6736,2,32,34
6737,2,33,31
6738,1,14,21
6739,1,24,33
6740,1,16,23
6741,1,11,35
6742,1,23,25
6743,2,9,34
6744,1,29,33
6745,2,14,22
6746,2,22,16
6747,2,27,27
6748,2,25,24
6749,1,30,23
6750,2,31,34
6751,1,7,20
6752,1,27,27
6753,1,22,19
6754,2,33,28
6755,1,31,22
6756,2,33,24
6757,1,24,19
6758,2,28,33
6759,1,31,10
6760,2,23,33
6761,2,24,35
6762,1,33,33
6763,2,23,34
6764,1,24,35
6765,2,32,13
6766,1,28,35
6767,1,16,10
6768,2,27,35
6769,2,26,26
6770,2,30,35
6771,1,25,31
6772,1,32,32
6773,1,20,33
6774,2,32,36
6775,1,20,35
6776,1,20,20
6777,2,29,33
6778,2,28,31
6779,2,5,14
6780,2,12,20
6781,2,23,15
6782,2,31,33
6783,2,27,33
6784,1,26,33
6785,2,27,18
6786,2,29,25
6787,2,30,28
6788,2,23,23
6789,2,33,19
6790,2,17,5
6791,2,19,23
6792,1,20,23
6793,2,33,34
6794,1,20,22
6795,2,29,33
6796,1,29,27
6797,1,21,27
6798,2,21,31
6799,2,32,33
6800,1,26,36
6801,1,32,34
6802,2,30,25
6803,2,27,12
6804,2,29,17
6805,1,32,32
6806,2,31,31
6807,1,13,11
6808,1,24,34
6809,2,32,32
6810,1,13,24
6811,1,30,34
6812,1,20,28
6813,2,27,27
6814,1,27,27
6815,2,19,34
6816,1,22,35
6817,1,11,27
6818,2,32,17
6819,1,26,14
6820,2,24,36
6821,1,25,31
6822,2,27,29
6823,1,28,29
6824,2,16,13
6825,1,31,31
6826,1,27,23
6827,2,23,26
6828,1,30,26
6829,1,2,22
6830,2,29,33
6831,1,26,25
6832,1,32,32
6833,2,31,23
6834,1,23,28
6835,1,30,19
6836,1,17,35
6837,1,23,29
6838,1,28,30
6839,1,14,13
6840,1,29,35
6841,1,16,26
6842,1,22,33
6843,2,20,27
6844,2,29,32
6845,1,19,18
6846,2,23,12
6847,1,24,27
6848,1,22,18
6849,1,29,25
6850,1,21,25
6851,2,32,32
6852,2,32,35
6853,2,21,33
6854,2,15,12
6855,2,12,14
6856,1,24,34
6857,1,25,36
6858,1,20,18
6859,1,31,34
6860,2,18,18
6861,1,23,32
6862,2,23,24
6863,1,9,25
6864,1,22,28
6865,1,25,34
6866,1,19,26
6867,1,21,17
6868,2,24,10
6869,2,28,32
6870,1,14,1
6871,2,33,35
6872,2,32,36
6873,1,10,33
6874,1,29,30
6875,2,23,35
6876,2,32,35
6877,1,24,35
6878,2,10,32
6879,2,30,34
6880,1,26,19
6881,1,31,27
6882,1,24,31
6883,1,23,35
6884,1,16,21
6885,2,33,35
6886,1,24,34
6887,1,25,31
6888,1,16,36
6889,1,23,27
6890,1,30,29
6891,1,22,34
6892,2,33,35
6893,2,26,25
6894,2,26,33
6895,1,30,36
6896,2,22,19
6897,2,32,34
6898,1,28,36
6899,1,31,26
6900,1,29,31
6901,2,28,18
6902,1,8,23
6903,2,21,30
6904,1,24,22
6905,2,30,31
6906,2,5,27
6907,1,31,32
6908,2,30,21
6909,1,26,34
6910,2,26,32
6911,1,28,22
6912,2,24,13
6913,1,29,21
6914,1,16,35
6915,2,22,21
6916,1,13,20
6917,2,32,32
6918,1,27,29
6919,2,30,33
6920,2,26,19
6921,1,32,34
6922,1,30,17
6923,1,2,21
6924,1,15,29
6925,2,26,31
6926,2,18,27
6927,1,21,24
6928,2,30,22
6929,1,31,30
6930,2,27,29
6931,2,26,24
6932,2,14,9
6933,2,2,26
6934,2,31,35
6935,1,20,28
6936,1,8,20
6937,2,32,29
6938,2,26,25
6939,1,27,35
6940,1,25,19
6941,2,32,20
6942,2,16,4
6943,2,26,31
6944,1,28,29
6945,2,5,11
6946,1,32,35
6947,1,21,30
6948,1,27,30
6949,1,21,19
6950,2,28,29
6951,1,27,28
6952,2,28,27
6953,1,21,25
6954,2,31,35
6955,2,21,33
6956,1,17,30
6957,2,21,26
6958,1,17,26
6959,2,28,32
6960,2,21,26
6961,1,30,32
6962,2,32,23
6963,2,27,27
6964,2,22,23
6965,2,17,35
6966,2,9,25
6967,1,12,22
6968,2,33,24
6969,2,25,22
6970,2,22,32
6971,2,30,32
6972,2,32,29
6973,1,26,34
6974,2,32,31
6975,2,28,32
6976,2,3,28
6977,2,24,34
6978,2,26,27
6979,2,24,28
6980,1,15,31
6981,1,26,33
6982,2,28,35
6983,2,32,19
6984,1,32,34
6985,2,15,25
6986,2,26,31
6987,2,31,32
6988,2,22,34
6989,2,20,24
6990,2,28,34